author,category,content,datetime,keywords,title,url
雷光涵,生活,在菲律賓東方海面，有一熱帶低氣壓生成向西北西移動。有媒體以「有」等標題報導。臉書「天氣即時預報」粉專發文說，跨年假期沒有颱風要來，就算生成、離台灣也有1千公里以上，而且12月颱風生成十分正常。天氣小編在臉書整理一些網友疑惑：1.跨年假期，有颱風要來？-沒有。就算颱風生成(若生成，為今年第30號颱風)，距離台灣也都有1000公里以上。雖然颱風不侵襲，但將引來水氣，使跨年「各地容易有雨」，有安排活動要有下雨的心理準備。2.12月了，怎麼還有颱風生成？-這非常正常。12月生成颱風的數量，比「1、2、3、4、5」月都還多。雖然台灣或北方國家已經很冷，但南方的海域仍然「熱情如火」，因此有颱風生成是非常正常。只是，這時候的大氣環境「不適合」把颱風引向台灣，我們才會感覺很奇特。此外，每年西北太平洋最少颱風生成的月份，為2月。3.那，跨年(31日~1日)的天氣呢？-會冷、風大，而且會下雨。冷、風：周四冷氣團開始，一直會冷到明年元旦，各地風力也都不小。雨：周日(30日)~元旦(1日)，全台下雨機會高，濕濕冷冷的感覺。 ,2018-12-25 14:09,,不要嚇自己 天氣小編：跨年沒颱風要來 12月颱也很常見,https://udn.com/news/story/7266/3557014
吳姿賢,生活, 中央氣象局副局長鄭明典在表示，非氣象專業出身的朋友看到強颱山竹影像，多數反應是「好美！」強颱有一種吸引人的美，很多網路上的同好都是因為強颱的印象而迷上氣象。「強颱破壞力極強，很危險，要小心！」天氣風險公司氣象主播賴忠瑋在臉書「氣象主播賴忠瑋」表示，強烈山竹已經在關島當地造成相當明顯的風雨，目前正逐漸朝台灣東南方海面移動。雖然過去兩天的預報路徑有略往南偏，相對較偏離台灣，可能從菲律賓呂宋島的北側近海通過，不過仍然和台灣很近，而且還有變化的空間，預計周末可能為東半部帶來顯著的雨勢。山竹颱風雖然已經是強烈颱風，不過仍在不斷增強，賴忠瑋說，目前中心最大風速已經高達每秒55公尺，相當於每小時198公里，中心最大陣風也高達每秒鐘68公尺，相當於時速245公里左右，七級暴風半徑擴增到280公里，而且颱風眼清晰可見，結構扎實完整，是一個相當強、而且範圍很大的颱風。預計未來24小時還會經過菲律賓東方海面的暖水區，將有助增強或維持，得特別提高警覺。目前中央氣象局及其他各國氣象單位的預報路徑都相當一致，預計山竹颱風可能從菲律賓呂宋島的北側近海，往西通過巴士海峽。賴忠瑋指出，預報路徑往南修的最主要原因，是太平洋高壓持續強勢。不過中間也仍有變數，如果明後兩天太平洋高壓稍微減弱，也不排除山竹颱風還有北偏的可能，畢竟氣象上對太平洋高壓的掌握度較低，變數較大，得多加留意，這也是明後兩天要觀察的重點。賴忠瑋說，若依照目前的預報路徑，台灣剛好在暴風圈的影響邊緣，不過若再考量路徑預報的誤差範圍，其實中部以南和東南部都還是有被暴風圈籠罩的風險。就算山竹沒有直接影響台灣，外圍環流仍然可能在周五開始為台灣東半部帶來局部陣雨，也將出現長浪。周六至周日上半天，將可能為東半部和南部的屏東帶來相當顯著的雨勢，南部和東南部海面也容易出現明顯風浪，要特別小心。至於今天台灣的天氣，大致上算穩定，不過北部和東北部要留意可能受到北方鋒面尾巴的影響，而有局部短暫陣雨，中午過後則要留意局部午後雨。賴忠瑋說，中南部和東部大致上穩定，也是要留意午後雷陣雨。預計穩定的天氣可以持續到周五，周末兩天的天氣，就要視山竹颱風的路徑而定。氣象局說，今天至周五白天各地大多為多雲到晴，僅東半部地區有局部短暫陣雨，午後其他地區有局部短暫雷陣雨。周五晚起至周日山竹颱風或其外圍環流影響，東半部地區及恆春半島有陣雨或雷雨，其他地區有局部短暫陣雨或雷雨。  ,2018-09-12 07:52,,強颱山竹結構完整颱風眼清晰 恐持續增強,https://udn.com/news/story/7266/3362500
雷光涵,生活,中央大學大氣科學系兼任副教授在「三立準氣象·老大洩天機」專欄說，最新歐洲模式及美國（GFS）模式皆模擬出未來一周的末期，有熱帶擾動發展的跡象，西北太平洋在2月分本來就有發生的機率，只是它不會影響台灣。吳德榮表示，2月雖從未有颱風靠近台灣，但在西北太平洋還是有颱風生成的機率，大約0.2個／年，即平均每10年約2個。最新歐洲模式及美國模式的模擬，雖然在熱帶擾動發展的時間、位置及強度都有差異；但屆時若有颱風形成，也不必太過驚訝。他說，2014年西北太平洋還曾發生過「月月有颱風」的記錄。台灣天氣方面，吳德榮表示今、明（16、17日）兩天受東北季風影響，北海岸、北部山區及東半部轉為有局部雨，新竹以北雲量多，也有局部飄小雨的機率。冷空氣偏弱、低溫僅微幅下降，但北台灣整天陰涼，白天氣溫較昨日降幅近10度，要當心感冒。對中南影響很小。他提醒，由於背風面風力微弱，汙染物不易擴散、空氣品質不佳，出外活動應注意。吳德榮說，今氣溫北部16至20度、中部17至26度、南部17至29度、東部17至26度，空曠地區最低溫還會再低1、2度。下周一至周四（18至21日）氣溫回升，又轉為舒適微熱的天氣。下周五（22日）另一波東北季風南下，迎風面有局部雨，冷空氣亦偏弱，北台灣再轉濕涼，其他地區氣溫變化不大。中央氣象局指出，今天（16日）受到東北季風增強影響，迎風面水氣逐漸增多，桃園以北及宜蘭將轉為有局部短暫雨的天氣，隨著時間愈晚雨區的範圍會愈廣，其中基隆北海岸降雨較為持續，花蓮、台東也會有局部短暫降雨；至於新竹以南仍維持多雲到晴。溫度方面，清晨各地偏涼，低溫約16至20度，白天北台灣高溫和昨天相比將明顯下降，約只有18到21度，整天都是濕涼的天氣型態，其他地方降幅不多，高溫仍有24到30度，中南部日夜溫差仍大。 ,2019-02-16 08:00,,下周西北太平洋恐有颱風生成 吳德榮：不影響台灣,https://udn.com/news/story/7266/3647337
董俞佳,生活,今天下午2點正式增強為強烈颱風。指出，目前該颱風中心位置位於北緯 18.90 度、東經 130.40 度，以每小時13公里速度，向西北西進行。颱風中心氣壓 925 百帕，近中心最大風速每秒 51 公尺，瞬間之最大陣風每秒 63 公尺，七級風半徑 250 公里，十級風半徑 100 公里。氣象局預報員張承傳表示，潭美潭風不僅強度增強、暴風半徑也擴大，不過，其路徑往北修，若維持這個路徑對台灣的影響相對減小，不過，仍要視明後兩天的路徑是否有改變，目前預估周五至周日仍是影響最劇烈的時間點，預計北部、東半部會受其外圍環流影響，至於影響程度多寡，還要再視颱風路徑觀測。【中央社╱台北24日電】中央氣象局預報員張承傳今天表示，今年第24號潭美颱風已經在下午2時由中颱增強為強颱，28日起潭美可能影響台灣天氣，不排除侵台可能性。張承傳說，今年第24號潭美颱風已經在下午2時增強為強颱，中心位在鵝鑾鼻東南東方約1180公里海面上，以西北西方向持續往琉球南方海面移動，25、26日颱風將進入導引氣流較弱區域而減速，不排除強度有再增強趨勢。至於是否會影響台灣天氣，他說，明後天將是關鍵期，28日起潭美可能影響台灣天氣，但影響的程度仍有相當大的變數，不排除侵台，提醒民眾持續留意氣象局發布的最新颱風動態。 ,2018-09-24 15:25,,增強了！潭美颱風升級強颱,https://udn.com/news/story/7266/3384578
董俞佳,生活,中央發布大雨特報，西南風逐漸增強，今天嘉義以南地區有局部大雨發生的機率，注意瞬間大雨、雷擊及強陣風。中央大學大氣科學系兼任副教授今天在「三立準氣象．老大洩天機」專欄表示，木恩颱風將在中越邊境登陸、減弱，對台灣本無影響。而其所附隨的季風低壓環流，輸送暖濕、不穩定的大氣至台灣附近，才是造成多日降雨的關鍵。他表示，今天受季風低壓環流的西南風影響，西南部有局部陣雨或雷雨，其他地區偶有局部短暫陣雨；西半部午後亦有局部陣雨或雷雨；其中有劇烈天氣(雷擊、強風、瞬間強降雨)發生的機率，要持續注意氣象局的特報。白天未降雨時，天氣悶熱；北部氣溫約在25至35度、中部24至34度、南部23至33度、東部24至34度。他說，明天起至下周三台灣附近盛行西南風，挾帶南海輸送而來的低層水氣，天氣不穩定；迎風面的西南部，因地形抬升，有局部陣雨或雷雨；午後對流發展，亦有局部雷陣雨。期間仍不排除劇烈天氣的發生，要注意氣象局的特報。大氣持續偏暖，白天未降雨時、天氣悶熱。 ,2019-07-04 07:22,,木恩颱風附隨的季風低壓環流 吳德榮：多日降雨的關鍵,https://udn.com/news/story/7266/3908723
吳姿賢,生活, 原位於關島西南方海面的熱帶性低氣壓，於今天下午2時發展為輕度康芮，編號第25號（國際命名KONG－REY），目前距台灣仍有2500多公里，暫對台灣天氣無影響，預測將朝琉球附近海面前進，後續仍有不確定性需密切觀察。今年第25號颱風康芮今天下午2時生成。中央說，預估康芮下周三抵達琉球東南方海面，之後路徑尚須觀察，可能在遠洋就會北轉，對台灣影響較低，也可能靠近台灣時才北轉，如此將帶來大量水氣，氣象局將密切觀察。氣象局資料顯示，輕度颱風康芮中心位置位於北緯12.30度、東經142.60度，以每小時24公里速度，向西北西進行。颱風中心氣壓998百帕，近中心最大風速每秒18公尺，瞬間最大陣風每秒25公尺，七級風半徑100公里。氣象局預估，康芮未來至少增強到中颱等級以上。預報員王品翔說，康芮下周三開始接近台灣琉球東南方海面，帶來豐沛水氣，加上東北風增強，北部、東半部將轉成短暫陣雨天氣，會有明顯降雨。王品翔說，目前各國模式對康芮路徑仍有分歧，有可能類似颱風，離台灣有一定距離時就北轉，對台灣影響程度較低。也有模式預測康芮會先靠近台灣才北轉，若進而跟東北風產生共伴效應，台灣屆時將出現更大雨勢，但時間尚早仍有變數。而今天上午中央大學大氣科學系兼任副教授吳德榮在「三立準氣象·老大洩天機」專欄表示，當第25個颱風生成，可確定今年是1994年後，1至9月最多颱風的一年。天氣風險公司臉書「天氣風險 WeatherRisk」表示，康芮颱風和潭美一樣，模式對秋颱的掌握沒這麼穩定，是否會直接影響台灣，目前變數還是很高，下周再觀察、判斷。另外，中度颱風潭美早上8時位於台北東方540公里海面上，今天將逐漸加速往琉球群島、日本方向前進，規畫前往當地的朋友多留意航班資訊。氣象局說，潭美雖然遠離，但下周一前北部、東半部、綠島、蘭嶼、恆春半島及馬祖沿海仍有長浪發生的機率，其他地區風浪亦大，浪高仍有3至5米，非必要請避免前往海邊活動。 ,2018-09-29 15:50,,第25號颱風康芮生成！ 路徑可能類似潭美颱風,https://udn.com/news/story/7266/3394287
雷光涵,生活,在菲律賓東方海面，有一熱帶低氣壓生成向西北西移動。有媒體以「有颱風」等標題報導。臉書「天氣即時預報」粉專發文說，跨年假期沒有颱風要來，就算生成、離台灣也有1千公里以上，而且12月颱風生成十分正常。天氣小編在臉書整理一些網友疑惑：就算颱風生成(若生成，為今年第30號颱風)，距離台灣也都有1000公里以上。雖然颱風不侵襲，但將引來水氣，使跨年「各地容易有雨」，有安排活動要有下雨的心理準備。12月生成颱風的數量，比「1、2、3、4、5」月都還多。雖然台灣或北方國家已經很冷，但南方的海域仍然「熱情如火」，因此有颱風生成是非常正常。只是，這時候的大氣環境「不適合」把颱風引向台灣，我們才會感覺很奇特。此外，每年西北太平洋最少颱風生成的月份，為2月。冷、風：周四冷氣團開始，一直會冷到明年，各地風力也都不小。雨：周日(30日)~元旦(1日)，全台下雨機會高，濕濕冷冷的感覺。 ,2018-12-25 17:00,,不要嚇自己 天氣小編：跨年沒颱風要來 12月颱也很常見,https://udn.com/news/story/7934/3557014
楊德宜,生活,中央大學大氣科學系兼任副教授吳德榮在「三立準氣象·老大洩天機」專欄表示，今天各地晴時多雲、白天舒適微熱、早晚涼；水氣略多，山區有局部短暫降雨的機率。各地高溫：北部約可達28度、中部升至29度、南部則升至32度左右、東部約在28度。明天北台灣白天氣溫稍降、中南部白天微熱，各地早晚偏涼；北海岸、東半部有局部短暫雨，西半部多雲時晴、山區亦有局部短暫雨的機率，今、明兩天中南部清晨及金馬容易起霧。他說，周五大陸逐漸南下，迎風面北部及東半部轉有局部雨，下午起北台灣氣溫明顯下降。周六、周日中部以北氣溫偏低、整天濕冷，沿海、空曠地區最將降至12、13度，應注意保暖；降雨範圍則擴大至中部、有較大雨勢，對南部的影響程度較輕微。下周一氣溫略升、北台灣仍濕冷；北台灣及東半部有局部雨。下周二天氣好轉、氣溫明顯回升；北海岸、東半部有局部短暫雨的機率。 蝴蝶已於今晨2時形成，他說，根據中央氣象局潛勢預測圖顯示，未來5天朝西北西移動，第5天不確定範圍擴大；至於5天後的路徑，最新歐洲(ECMWF)模式的50次的系集模擬大多的模擬路徑朝菲律賓、少部分向東北迴轉，及美國(GEFS)模式21次的系集模擬距台灣東側2000多公里遠，向北迴轉；皆與歷史資料所顯示的紀錄，從未有2月颱侵台相符合，因此，目前資料顯示其侵台機率是微乎其微的。氣象局說，明後兩天鋒面位於台灣北部海面，大氣環境較不穩定，明天白天雖然各地都有些局部短暫陣雨，不過降雨還不多，主要以午後在山區附近的機率較高，明晚到周五上半天預計將有一波明顯的水氣通過，西半部地區降雨機率提高，尤其中部以北雨勢會較為明顯，周五下半天後雨區將轉為以東半部及北部地區為主；周五白天之前各地舒適溫暖，早晚稍偏涼，而周五晚上開始會有一波明顯的冷空氣南下，強度在東北季風或大陸冷氣團的等級，北部及東北部天氣轉冷。周六、周日東北季風或大陸冷氣團影響，北部及東北部天氣偏冷，夜晚清晨低溫將下探13到15度，白天高溫也只有16到19度左右，其他地方則是早晚偏冷，低溫約16到18度；迎風面的北部及東半部地區有局部短暫雨，其他地區雲量偏多。 ,2019-02-20 07:24,,蝴蝶颱風今天凌晨形成 吳德榮：侵台機率微乎其微,https://udn.com/news/story/7266/3653753
,生活,中央今天觀測，今年第28號萬宜晚間形成，對台灣不會有影響，另外，位在菲律賓附近的熱帶性低氣壓不排除在明天發展為第29號颱風天兔。今年第28號颱風萬宜今天晚間形成，中央氣象局表示，萬宜颱風目前位在關島附近，距離台灣約4000公里，未來將朝西北西方向移動，不會影響台灣天氣。至於另一個位在菲律賓附近的熱帶性低氣壓也可能在明天發展為今年第29號颱風天兔，氣象局表示，未來颱風若形成不會直接影響台灣，但由於持續朝南海移動，外圍水氣不排除影響台灣天氣，氣象局正持續觀察。 ,2018-11-20 22:29,,萬宜颱風形成 不影響台灣天氣,https://udn.com/news/story/7266/3492264%3Ffrom%3Dudn-relatednews_ch2
張江寧,生活,政府於三日取消所有飛往熱門觀光地點蘇梅島的航班，封鎖海灘度假村，撤離離岸鑽井平台工作人員，因為輕度「帕布」（Pabuk）將侵襲當地，成為近30年來第一個襲擊泰國南部的颱風。「帕布」最高風速每小時65公里，預計四日登陸泰國南部，登陸前就已帶來狂風巨浪。曼谷航空停飛所有往返蘇梅島的航班，可能讓部分遊客受困當地。媒體指出，往返蘇梅島的渡輪也全都停駛。泰國對數個省分發出豪雨和強風警告，包括觀光熱門地點蘇美島、普吉島和喀比。當地部分飯店業者表示，一些遊客已提早退房，飯店也對颱風來襲做好準備。蘇梅島查汶海灘盧布德卡飯店的經理說：「一早我們就備好了沙包、保護好玻璃窗，準備好急救包、手電筒、飲用水和飯店發電機用的燃油。其它飯店業者也做好了相關準備。」泰國國家石油旗下的PTT勘探生產公司表示，他們將暫停在暹羅灣兩個泰國最大油氣田的探勘作業。 ,2019-01-03 22:31,,泰國南部30年來首見颱風 蘇梅島航班渡輪全停,https://udn.com/news/story/6811/3573365
雷光涵,生活,上周末嘉義、台南以北有明顯的降雨，氣象達人說，這波春雨和強烈蝴蝶沒有關係，因為距離實在太遠了。他指出，今天仍是東北風型的天氣，周二下半天開始逐步回溫，但周下又會變天。彭啟明在臉書發文說，周末的春雨終於在周日晚間逐漸地減弱，這波雨勢主要下在嘉義台南以北，累積雨量有50-90毫米的水準，不是很多，但對春耕或水利調節不無小補。周末的降雨，很多人問是否受到強烈颱風蝴蝶的影響。他指出，周末的確是典型的春雨特性，是非常難得的降雨，2號颱風蝴蝶也在周末創下北半球在2月分有颱風觀測紀錄史來最強的颱風，但距離台灣大約在東南東方2300公里的地方，實在是太遠，和春雨沒有相關。預期蝴蝶颱風往西北移動時，會進入較冷、大氣環流也不利發展的環境，很快會逐步消散。至於２月分有強颱，是否代表今年颱風對台灣的影響會很大？彭啟明指出，這個假設性問題不好回答，因為每個颱風都是單獨的個體，沒有一開始強，今年都會強的理由。他表示，但的確在的趨勢下，氣候統計上，有越來越多強颱發展的條件，長期來看是有這趨勢，破紀錄成為一種常態。彭啟明認為，如果沒有努力的面對暖化下的氣候變遷，就要把破紀錄當成一種「習慣」了。彭啟明說，今天北部、東半部還是較為陰沉偶陣雨，大致上逐漸緩和，清晨各地溫度維持在15-18度，北部今天回溫有限。周二下半天開始東北風減弱，將逐漸轉為偏東風到南風，明、後天回溫能較為明顯，有點涼但還不算冷。他指出，今天中南部可以到25-27度，明後天回升也較多。這兩天南北兩區域落差頗大，越往南大氣穩定，空氣品質也稍差。到周三時，天氣將明顯轉變。彭啟明說會大幅回溫轉晴，但周四下半天預期又有東北風南下，這波比較短暫，但北部、東北部仍會轉為陰沉偶陣雨，周五下半天再緩和，逐漸在周末開始轉偏南風。再下一波可能是周日到周一，又有東北風南下，近期這幾波的變化，都不是很大規模的系統影響，雖有降雨，可能都比不上周末這幾波從福建廣東東移發展的雲系。 ,2019-02-25 07:47,,二月強颱代表今年台灣颱風多？彭啟明這麼說,https://udn.com/news/story/7266/3663193
,生活, 根據中央統計資料，今年風調雨順，颱風過門而不入，16年來首次未發布海、陸颱風警報；不過，農業也因產量提升，價格下滑。台東緊鄰太平洋，往往颱風侵襲台灣，台東首當其衝，通常都是最早發布海上颱風警報的區域之一，今年即將結束，整年度未有颱風警報，上次是民國91年。根據中央氣象局網站資料，從1911年至2017年有365個颱風侵襲台灣地區，每年約有3至4個颱風侵襲，其中以8月最多，次為7月和9月，因此每年7至9月可說是台灣的颱風季。365個颱風中，有187個在台灣登陸，在台東市至成功鎮登陸的有28個，台東至恆春登陸的30個，因此百年來在台東境內登陸的颱風有58個之多。根據統計，近幾年侵襲台東的颱風，造成重大損失的有民國98年8月間的莫拉克颱風，為台東帶來慘重災情，包括2員警在內有7人失蹤，南迴鐵路、南迴公路流失，嘉蘭村51戶民宅被洪水吞噬，知本溫泉內則有金帥飯店和5商家倒塌。另一個重創台東的颱風是民國105年，超過17級陣風的強烈颱風直撲台東，台東就像被機關槍掃射過，巨樹連根拔起，滿目瘡痍，造成1死132傷。今年台東雖然零颱風侵襲，也為台東帶來另類損失，因風調雨順，農產品大豐收，鳳梨、白米都增加2成產量，也導致價格下滑，不過農民評估，颱風造成的損失還是比較大，「颱風不要來比較好」。,2018-12-31 17:21,,16年首見 台東今年沒有颱風警報,https://udn.com/news/story/7328/3567351
侯俐安,生活,中颱山竹目前位在台灣東方約2900公里，持續向西逼近台灣。中央中心主任呂國臣今天表示，目前美國、歐洲等各國預報，本周四前都是持續往西移動，但在周四、五通過東經130度附近時，會依高壓勢力減弱程度，有稍微偏北接近台灣的趨勢，各國預報開始分歧。氣象局表示，山竹目前為中度颱風，但未來通過路徑上風切偏小、海溫高，有利於增強至強烈颱風，颱風半徑也有擴大趨勢，預估颱風將朝台灣至菲律賓一帶移動，在本周六、日影響台灣最劇；目前氣象局預報山竹颱風較偏南，美國、歐洲預報影響範圍較大，部分預報路徑也不排除會侵襲台灣。氣象局表示，目前山竹颱風最新路徑以通過巴士海峽至東南部陸地機率最高，降雨以台灣東半部、恆春半島為主，若路徑偏至花蓮，北部、西半部影響將明顯增加，但目前研判機率較低。從歷史上相似個案的雨量來看，2013年強颱天兔生成後朝台灣東南部前進，後減弱為中颱遠離台灣，東台灣累積雨量最高達685毫米，東南部降下豪雨，部分地區淹水、道路坍方與交通中斷，農損達到1.9億元。若再往北偏一些，類似颱風可回顧2016年強颱莫蘭蒂，莫蘭蒂在關島西方形成後向西北西轉西北移動，颱風進入恆春東南東方海面後，暴風圈影響台灣東南部陸地及恆春半島，威脅台灣東部、中南部及澎湖金門，全台1人死亡、62人受傷，農損1億元。如果再往北偏並登陸，氣象局以1982年的強颱安迪為例，當時安迪在台東北方約10公里處登陸，由台南北方出海，暴風圈籠罩全台，由於強度、位置與地形巧合，台北罕見出現持續性強風，全台各地都有嚴重災情，有多人傷亡失蹤。  ,2018-09-10 14:56,,3個過往颱風看山竹 偏南、偏北或登陸對台影響差在哪？,https://udn.com/news/story/7266/3359278
侯俐安,生活, 強颱瑪莉亞持續逼近，中央9日晚間11點半針對新北、基隆、台北、宜蘭發布陸上颱風警報，根據氣象局晚間11時最新資料顯示，瑪莉亞中心位置正在台北東南東方810公里，持續朝西北西方向移動，過去3小時強度稍微減弱，近中心最大風速從每秒55公尺降為53公尺，氣象局預估，暴風圈將在周二傍晚接觸陸地，北部、東北部將首當其衝感受颱風威力。氣象局預報員官欣平表示，將以「中颱上限、強颱下限」的強度侵襲台灣，路徑仍會從台灣北部海域通過，周二上午北部、東北部將有間歇性降雨，還不會感受到明顯的颱風威力，但明天晚上將感受到明顯風雨，最劇烈的影響是從周二深夜至周三清晨。過去兩天瑪莉亞颱風持續加速，影響台灣時間也略為提前，氣象局9日下午2時30分發布海上颱風警報，晚間11時瑪莉亞位在台北東南東方810公里海面上，以每小時30公里速度向西北西進行，近中心最大風速減弱為每秒53公尺，7級風半徑維持280公里，10級風半徑100公里。氣象局預報員張承傳提醒，瑪莉亞颱風中心約在明天深夜經過彭佳嶼附近，若颱風中心從基隆到彭佳嶼中間通過，路徑仍有機會接近標準「西北颱」。但更要留意的是，由於中心從海面通過，颱風結構不會受到陸地破壞，10級風半徑可能直接進入北部陸地，雖然颱風走得快，總雨量不會累積太多，但降雨時間集中、仍要提防瞬間強降雨，尤其大台北、淡水河口要特別留意，加上這段時間適逢大潮，西半部必須嚴防淹水及海水倒灌。氣象局簡任技正伍婉華表示，周二白天北部、東北部會斷續下雨，傍晚暴風圈開始影響後，北台灣風雨會明顯增強，其他各地風雨也會在下午到傍晚出現，北部、東北部會出現大雨到豪雨。伍婉華說表示，受到颱風接近沉降效應影響，周二花東高溫約35至36度，台東可能會有焚風。瑪莉亞離開後，不會引進西南氣流，周三下午風雨就會明顯緩和，周四天氣回穩，但會有南方水氣上來，東南部會有幾天不穩定的天氣。 ,2018-07-09 23:36,,稍減弱仍是強颱！ 瑪莉亞陸警發布 暴風圈周二掃北台,https://udn.com/news/story/7266/3243800
吳姿賢,生活, 中央表示，在菲律賓附近海面的熱帶性低氣壓，最快今天成為第29號「天兔」，周日將帶來水氣，間接影響台灣天氣，北部、東北部迎風面雨勢明顯，中南部地區也會飄雨。氣象局預報員顏增璽說，菲律賓海面熱帶性低氣壓進入南海海域中間時，將有機會形成天兔颱風，但依照路徑將碰觸到中南半島，結構會被破壞，強度頂多中颱或輕颱等級。顏增璽說，最快周日下半天台灣天氣將受其外圍環流影響，水氣飄到台灣上空，加上屆時吹東北風，北部及東半部將有雨勢，迎風面雨勢更明顯，中南部地區也會飄雨。至於第28號輕度颱風萬宜，今天凌晨2時距離颱灣東南東方約2830公里的海面上，持續朝西北西方向移動，對台灣沒有直接影響。氣象局說，今天東北季風增強影響，迎風面的北部及東半部地區有局部短暫雨，中南部山區也有零星短暫雨，出門記得攜帶雨具備用。溫度也會下降，清晨各地低溫約17至21度，白天氣溫在北部及東北部下降明顯，高溫僅20、21度，較昨天降幅達8、9度左右，花東約23、24度，中部約25至27度，南部仍可達27至30度左右，請留意溫度的變化，適時添加衣物。 ,2018-11-22 10:54,,颱風天兔最快今生成 周日帶雨來台灣,https://udn.com/news/story/7266/3494868
楊德宜,生活, 輕颱蝴蝶今天凌晨2時生成，天氣風險公司天氣分析師吳聖宇在臉書「」表示，今年第2號蝴蝶，結構完整，所在環境條件佳，未來強度將持續發展，預估應該有機會達到中度颱風以上等級，這樣的強度在2月的颱風算是比較少見的情況。他說，輕颱蝴蝶未來大致沿著太平洋高壓南側往關島以南海域移動，通過關島以南之後可能繼續趨向菲律賓以東，不過到了這邊之後高壓變化的情況比較複雜，究竟是會北轉拋物線北上，還是繼續往西靠近菲律賓仍要觀察，但整體來看這個颱風對台灣天氣應該是沒有影響，對日本也不會有影響。吳聖宇說，台灣北邊有微弱的鋒面滯留，這個鋒面系統將在長江以南逐漸重整，明天隨著短波槽東移，槽後大陸冷高壓冷空氣南下，將推動鋒面逐漸東移南壓，周五掠過台灣附近後趨向日本，周六、日鋒面過後大陸冷高壓帶來較強東北季風，同時華南有水氣東移，共同影響台灣天氣。今明兩天台灣位於鋒面前方暖空氣區域，各地大致為多雲到晴天氣，溫度偏暖，不過，他說，大氣狀態仍有點不穩定，配合熱力作用，午後在島內地形上可能有局部性的降雨系統發生帶來降雨，這個季節還不至於到有很旺盛的熱對流，但是感覺上就有一點像午後對流降雨的味道，幸好模式上看起來降雨訊號不強，即使有雨也不多，而且比較局部性，山區的機會較高。後天鋒面掠過台灣附近，北部、東半部有局部短暫陣雨機會，吳聖宇說，這波鋒面發展較好的部分仍是影響日本為主，日本的天氣較差，台灣位於鋒面尾端，略受影響，但仍要注意鋒面尾端是否有零星的對流系統發展起來的狀況，也就是類似18日凌晨的颮線系統。周末東北季風明顯增強，周六北部、東半部有迎風面地形降雨，周日華南雲雨區水氣加入，除了南部地區降雨機會仍然較低之外，其他地方都有短暫陣雨出現機會，他說，這波降雨目前來看雨量不多，但是對於緩解逐漸出現的春旱應該還是有點幫助。降雨情況應該會延續到下周一左右。吳聖宇說，周末這波東北季風也將帶來冷空氣，目前來看北台灣受影響較明顯，北部、東北部低溫可能下探到13-14度左右，中南部及花東地區受影響較小，低溫預估仍在16-18度間，有可能摸到大陸冷氣團的邊緣，下周一冷空氣減弱，溫度開始緩慢回升，北台灣的溫度變動起伏還是很大，要特別注意自身以及家人的身體健康。氣象局說，明後兩天鋒面位於台灣北部海面，大氣環境較不穩定，明天白天雖然各地都有些局部短暫陣雨，不過降雨還不多，主要以午後在山區附近的機率較高。氣象局說，明晚到周五上半天預計將有一波明顯的水氣通過，西半部地區降雨機率提高，尤其中部以北雨勢會較為明顯，周五下半天後雨區將轉為以東半部及北部地區為主；周五白天之前各地舒適溫暖，早晚稍偏涼，而周五晚上開始會有一波明顯的冷空氣南下，強度在東北季風或大陸冷氣團的等級，北部及東北部天氣轉冷。周六、周日東北季風或大陸冷氣團影響，北部及東北部天氣偏冷，夜晚清晨低溫將下探13到15度，白天高溫也只有16到19度左右，其他地方則是早晚偏冷，低溫約16到18度；迎風面的北部及東半部地區有局部短暫雨，其他地區雲量偏多。,2019-02-20 09:45,,氣象專家：蝴蝶颱風有機會轉中颱 強度在2月颱算少見,https://udn.com/news/story/7266/3653857
董俞佳,生活,潭美昨天增強為中颱，且持續壯大中。指出，預計最快今明兩天，會再增為強烈颱風。潭美颱風路徑目前變化仍大，氣象局預估，周二、周三路徑變化是影響台灣程度的關鍵，估計周五至周日影響最劇烈，且縱使不直接朝向台灣，也會帶來一定程度的影響，需密切注意。氣象局員陳建安表示，昨天清晨兩點潭美颱風從輕度颱風增強為中度颱風，因環境有利發展，未來會持續增強，預計這一兩天會發展為強烈颱風。氣象局表示，潭美昨天晚間8點位置在鵝鑾鼻東南東方約1400公里海上，朝西北西方向往琉球南方海面移動。依潭美目前的速度，外圍環流可能在周五就影響台灣，周五至周日會是影響較劇烈的時間。陳建安表示，根據目前我國與各國的預報模式來看，潭美的路徑變數仍大，周二、周三將是觀察時間點。他說，周二、周三潭美走到琉球南方海面後，會進入導引氣流不明確的區域，速度開始放慢，走向開始難以預測，如果走向偏西，高壓重新增強後，對台灣影響加劇，但如果北漂，對台灣影響就會局限在外圍環流，兩種走向都有可能，且逼近台灣時恐怕是強颱，後續還須持續觀察留意。陳建安表示，雖然目前潭美颱風的路徑變化仍大，不過，就算距離潭美有好幾百公里遠，這個又強又大的颱風，對台灣的天氣還是會帶來影響，要特別注意。另外，有國外模式分析，潭美恐成對台影響最大的穿心颱，至於是否會直接撲台？氣象局表示，還待觀測，明、後天的走向將是關鍵。 ,2018-09-24 04:54,,潭美颱風將成強颱 影響程度上升,https://udn.com/news/story/7266/3384065
雷光涵,生活,今年第11號悟空是否生成，中央上午8時半表示，目前還是熱帶性低壓，預測離台灣還有段距離，就算升級為颱風，台灣也不一定會發海上警報，因為看起來它可能是強度最弱的颱風，暴風半徑不大。氣象局員李孟軒說，台灣在大的低壓帶內，今天轉偏西南風，迎風面的東南部及中南部一整天都有機會降雨，中午過後，午後熱對流影響，全台山區及大台北可能有較大的雷雨。全台白天溫度偏高約32至34度。李孟軒說，這個熱帶性低壓預估會沿著台灣東部的海面，繞一圈到北部海面，再到大陸，不會經過日本沖繩本島，但可能通過周邊的小島嶼。日本氣象廳預報路徑顯示，明天上午6時這個熱帶性低壓可能會到石垣島南南西方約90公里處。 ,2018-07-22 08:48,,氣象局：悟空颱風若生成 不一定發海警,https://udn.com/news/story/7266/3265990
,生活, 快閃台灣，10日傍晚登陸、11日早上便由福建進入中國大陸。原本為強颱的瑪莉亞來勢洶洶，但由於海溫條件不佳加上地形的破壞，登台時減弱為中颱，而11日進入福建時結構遭破壞轉為輕颱。對此，氣象局預報中心主任呂國臣表示，瑪莉亞登台時間短，卻為水庫帶來充沛的雨量卻又不會致災，算得上是一個「好」。原本氣象局預估瑪莉亞為西北颱，將為北台灣帶來強大雨量，還不排除會有海水倒灌的情形，但隨後路徑北修20公里使其強度與風速都減弱，讓氣象局鬆了一口氣，不過由於路徑北修，因此也為馬祖帶來12、13級的強風和瞬間的強雨。颱風離開後，台灣受颱風外圍環流影響，氣象局發布17縣市大雨特報，要各地區注意強勁雨勢。根據氣象局預估，瑪莉亞颱風所帶來山區雨量約為400、500毫米，是以往規模、路徑相似颱風的一半，對台灣的災害大幅降低。且瑪莉亞為台灣北部帶來充沛水量填補水庫，一掃颱風來臨前台灣缺水的陰霾。據《中時》報導，氣象局預報中心主任呂國臣表示，瑪莉亞來的正是時候，不僅路線正確、風力不大、雨量剛好，還下對位置，真是難得的「好颱風」。 ,2018-07-12 10:25,,瑪莉亞快閃還帶豐沛雨量 氣象局大讚：好颱風！,https://udn.com/news/story/12347/3248077
,生活,襲台，今（11）日許多縣市無大風雨仍正常上班上課，不過上午9點轉自中國沿海登陸後，對福建、浙江造成了重大損害，包括路人被路牌壓死、人車一起被吹走、路燈被強風吹到等災情。不少沿海居民也目擊到高達10多公尺的巨浪，還有一間簡易房也被大風吹到出城主幹道上，風雨威力嚇人。 據《澎湃新聞》報導，從網上流傳的影片畫面中，公路邊有一塊長方形的路牌倒在地上，路牌下方壓著一名身穿黑色褲子的男子。在該被壓人邊上有一名帶傘的女子，和一名穿雨衣的人蹲著哭泣，周邊有幾名群眾。這起事件發生在11日上6點多，當地派出所接獲報案，一名男子經過104國道時，被公路路牌意外壓傷，不幸的是，送醫後仍不治身亡。 中國天氣網報導指出，瑪莉亞颱風登陸時中心附近最大風力有14級（每秒42公尺），中心最低氣壓為960百帕。為有氣象紀錄以來，7月登陸福建的最強颱風。受瑪莉亞颱風帶來的強風雨影響，福建到浙江的高鐵11日已停運，尤其是台州到福州段，溫州、福州等多個機場可能出現較多延誤或取消，12日將恢復通行。除了福建、浙江外，台灣外島也颳起最大陣風12級，還出現海水倒灌、淹沒路面的景象，網路上瘋傳颱風的驚悚畫面，讓民眾們驚呼「馬祖好嚴重」、「這才是真正該放假防颱，躲在家中的縣市鄉鎮！」,2018-07-11 19:17,,瑪莉亞颱風「登陸」 路牌壓死人、路燈爆炸災情慘,https://udn.com/news/story/12347/3247425
吳姿賢,生活,今年第23號百里嘉生成，中央表示，百里嘉往西南西前進，持續遠離台灣，對台灣沒有直接影響，初步排除發布海陸警的可能。日本氣象廳上午將熱帶性低氣壓命名為今年第23號颱風百里嘉。中央氣象局預報員劉沛滕說，百里嘉現位於東沙島海面，接下來往西南西方向、海南島一帶前進，持續遠離台灣，之後將影響福建及香港天氣，但對台灣沒有直接影響，目前排除發布海陸警報，但東沙島海面船隻仍要注意風浪。  ,2018-09-11 09:54,,23號颱風百里嘉生成 氣象局：應不會發海警,https://udn.com/news/story/7266/3360581
邱瓊玉,生活, 轉弱，北市府今晚10點宣布，依據中央氣象局最新天氣預報資料，明天（11）日正常上班及上課。北市府也指出，另依規定，天然災害發生時，員工住所與服務處所如其中一地發布停班（課），則得依照該地給予員工停班（課）登記。北北基因屬同一個生活圈，過去都同步宣布颱風放假，但今天卻為瑪莉亞颱風疑似「撕破臉」，北北基原訂今晚8點宣布明天是否，一度延到9點，但台北市長柯文哲再敲定延到10點，新北市卻「不再同步」，提前在9點就宣布明天停止上班上課。據了解，新北晚間認為新北市北海岸明天上午的最大陣風仍可達到9到10級，考量民眾上班安全，以及災後復原工作，應停班停課，但台北市跟基隆市風力未達停班停課標準，台北市長柯文哲決定今晚10點再做決定，但新北卻不甩北市，提前宣布明天停班停課。在新北市政府晚間9點宣布明天停止上班上課後，台北市和基隆市政府仍堅持要等最新一波氣象資料，晚間10點再宣布。基隆市政府依據中央氣象局最新天氣預報資料，未達停班停課標準，於晚上十時宣布明（11）日照常上班及上課。,2018-07-10 22:00,,颱風假沒了 北、基兩市明天正常上班上課,https://udn.com/news/story/7266/3245716
董俞佳,生活,潭美今天增強為中颱，指出，預計未來2天，會再增強為強烈颱風。且，雖然目前潭美颱風路徑變化大，是否直接影響台灣仍未定，但是這個又大又強的颱風，估計仍會對台灣造成影響，影響強度，周二、周三將是關鍵。氣象局預報員陳建安表示，今天清晨2點潭美颱風從輕度颱風增強為中度颱風，因環境有利發展，未來會持續增強，預計2天左右時間會發展為強烈颱風。路徑部分，陳建安表示，目前各國預報模式，路徑變數仍大，周二、周三將是觀察時間點，屆時颱風會移到琉球的東方海面，預計會開始減速，原本朝著西北西移動的路徑，可能緩慢往北漂。陳建安表示，目前不能排除潭美颱風往台灣靠近的路徑，不過，就算颱風距離颱風有好幾百公里遠，這個又強又大的颱風，對台灣的天氣還是有影響。未來天氣方面，陳建安表示，今天白天各地天氣穩定，不過，氣象局提醒下午開始山區以及較靠近山區的平地有午後雷陣雨，部分平地可能也會受到影響要特別注意。除此之外，東北風造成的雨勢預計從今天晚上開始明顯，今天晚上雨勢主要侷限在大台北、宜蘭地區，明天開始降雨訊號增強，北部、東北部要留意局部大雨甚至不排除有豪雨等級的降雨，基本上，未來一周都是東北風環境，位處迎風面的北部容易有斷斷續續的降雨，花蓮、台東降雨量也偏多，25、26日兩天降雨緩和，降雨空檔變多。27日開始受到潭美颱風逐漸增近，受其逆時針環流，會加強東北風影響，28日之後的天氣要看颱風動態，目前還有較大變數，不過，不管是颱風環流或者是外圍環流，都至少會造成中部以北、東半部容易下雨，南部地區會有一些局部短暫陣雨。 ,2018-09-23 12:22,,又大又強 潭美颱風2天內 有機會成為強颱,https://udn.com/news/story/7266/3383057
董俞佳,生活,時序邁入十月，氣象局提醒，日夜溫差變大，要特別注意，此外，昨轉中度颱風之後，強度持續上升，不排除最快明天升為強颱，預計周三起影響台灣，中部以北將有明顯降雨。康芮颱風昨天下午兩點轉為中度颱風，中央氣象局預報員劉沛滕表示，因颱風地處海水溫度高，大氣環境有利於持續發展，最快明天或後天，會再增強為強度颱風。至於影響台灣程度，劉沛滕表示，預計周三開始海溫降低，屆時颱風強度會稍微減弱，颱風位置將走到琉球南邊海面，屆時路徑還不確定，但可能北轉往琉球，影響台灣程度就比較小，若往西邊走，則可能貼近東北部海面，影響就比較大。雖然確切路徑還待觀察，劉沛滕說，周三開始到周五受康芮颱風外圍雲系影響，水氣增加天氣轉為不穩定的有雨天氣，中部以北會出現局部大雨，中南部天氣則不受影響，是多雲到晴的天氣。他提醒，今明兩天受較乾的東北風影響，西半部日夜溫差大，各地日夜高低溫最多差到10度、11度，要特別注意。 ,2018-10-01 04:41,,持續增強！ 康芮颱風最快明升為強颱,https://udn.com/news/story/7266/3396304
雷光涵,生活,目前在西太平洋有兩個熱帶性低氣壓，在未來一兩天內，有機會發展成為今年第28及29號颱風。天氣風險管理公司總經理說都不會直接影響台灣，間接影響的機會也不高，台灣還是受到東北風的影響。彭啟明表示，按照命名的規則，28號颱風叫萬宜、29號颱風是天兔。這兩個熱帶性低氣壓，一個靠近的大約在台灣南南東方約1500公里，持續往菲律賓南方前進，預計將進入南海，往越南方向前進；昨天成形的熱低在台灣東南方4500公里處，可能往北偏，這兩個熱帶低壓到底誰是28或29號，仍有不確定性，要看未來這一兩天的變化。他說，雖然有颱風，好消息是都不會直接影響台灣，間接影響的機會也不高，台灣還是受到東北風的影響，持續有較涼空氣南下。彭啟明指出，昨天鋒面通過，很快在午後緩和，今天只剩下東半部仍有些短暫雨勢，今明兩天會明顯回溫、轉晴。今天北部高溫約24-25度，中南部可以到27-29度，周三北部高溫會回到26-27度，南部可以到30度，不過要留意清晨的低溫。他提醒接下來轉變會在周四，有鋒面雲系及東北風南下，這波類似周日深夜到周一的降雨，預計將會為中部以北及東北部帶來短暫雨勢，周四、五應該可以明顯感受有雨勢與降溫。與周三溫暖回溫相比，一下子又被打回原形，感受會很強烈，屬於會感冒生病的天氣類型。彭啟明說，到了周五、六又明顯回溫，預期在周五下半天到周六、日，天氣應該都還不錯，選前之夜到投票日當天的天氣，北部雲量多，中南部較晴朗，預期中南部約21-29度，北部約20-26度，東半部20-27度，大致穩定。空氣品質方面，彭啟明說，今天清晨全台各地空氣品質都不錯，周四、五預期有波境外汙染物隨東北風南下。中央氣象局說，今天持續受東北風影響，但水氣減少，各地大致可以有陽光露臉，僅大台北山區及東半部地區有局部短暫雨，中南部山區午後有零星短暫降雨；白天各地則大致為舒適至溫暖，預測桃園以北及宜蘭、花蓮，高溫約23至25度，其他各地約26至28度，中南部可來到29、30度上下，中南日夜溫差大。氣象局指出，目前在洋面上有兩個熱帶性低氣壓：位於菲律賓東方海面的熱帶性低氣壓，未來一、兩天將逐漸通過菲律賓群島，周三前後進入南海，屆時的環境條件將有利於發展；昨日晚間在關島東南方海面形成的熱帶性低氣壓，未來一、兩天則是朝西北西方向移動，亦有逐漸發展的趨勢；目前資料顯示，此兩系統直接影響台灣的機率低，氣象局將持續注意觀察。 ,2018-11-20 07:46,,恐有兩個颱風生成 彭啟明：間接影響台灣機會不高,https://udn.com/news/story/7266/3490508
吳姿賢,生活,中央氣象局發布大雨特報，熱帶性低氣壓及其外圍環流影響，易有短時強降雨，台東縣已有豪雨發生，今天恆春半島、台東及花蓮地區有局部大雨發生的機率，請注意雷擊及強陣風。今天熱帶性低氣壓及其外圍環流影響，東部、東南部地區及恆春半島有陣雨或雷雨，南部、東北部及北部山區有局部短暫陣雨或雷雨，午後其他地區亦有局部短暫雷陣雨。明天至周五太平洋高壓增強，天氣回穩，整體降雨減少，各地轉為以上午多雲到晴，午後有局部雷陣雨為主的天氣型態，僅迎風面的東半部地區及北部山區整天偶爾有一點局部短暫陣雨；白天感受較炎熱，各地高溫可達31至35度；不過，隨著山竹逐漸接近台灣附近，受其外圍雲系影響，周五下半天以後東半部地區降雨機率增加。中颱山竹預估將於周六、周日通過台灣南方近海巴士海峽，受颱風或其外圍環流影響，北部及東半部地區有短暫陣雨或雷雨，其他地區有局部短暫陣雨或雷雨；由於颱風路徑仍有不確定性，亦不排除以稍往北偏移的路徑通過台灣附近，隨時更新最新的預報資訊。下周一颱風逐漸遠離，但台灣附近水氣仍多，各地仍易有短暫陣雨或雷雨。 ,2018-09-11 06:58,,大雨特報！ 周五午後颱風外圍雲系影響台灣,https://udn.com/news/story/7266/3360451
,生活, 今年1月到9月生成數量高達25個，是自1994年來颱風最多的一年。然而截至目前為止，僅有1個輕颱瑪莉亞與台灣擦身而過，其他颱風都轉向離開，也在今明兩日朝向南韓、日本方向前進。氣象專家解釋，這是因為颱風會受到太平洋高壓強度與季風低壓帶影響！今年生成的颱風數量多達25個，然而到目前為止，僅有一個輕颱瑪莉亞從北台灣擦身而過，其他原先預計會撲台的颱風不是突然轉向、就是不直接侵台。根據氣象局統計資料顯示，平均每年會有3.36個颱風登陸或親台致災，然而今年生成颱風數量特別多，侵台數目卻遠低於平均值，非常特別。綜合媒體報導，氣象專家賈新興解釋，颱風會受到太平洋高壓強度變化影響，當高壓勢力減弱，就會將颱風往北邊拉；當高壓勢力增強，則會把颱風往南推。今年太平洋高壓勢力較強、位置偏北，約在日本與南韓一帶，就成為把颱風往南、也就是往台灣推的一大助力。賈新興在上表示，「近年的大氣環境顯示，太平洋高壓的主體偏東，日本附近的高壓強度略偏強，這個異常的氣流容易將颱風帶往日本」。賈新興進一步說明，台灣早年也曾有過相似案例，他表示在1964年生成了34個颱風，但是都沒有直接侵台，「台灣這邊好像自動分流」。最近的潭美與康芮就是碰到相同情況，兩個颱風都沿著太平洋高壓邊緣向北、也就是日本與南韓移動。國家防災中心氣象組副研究員朱蓉指出，季風低壓帶也是影響颱風路徑的一大關鍵，當南邊海溫偏高時低壓帶增強，台灣便處於季風低壓帶，日本就會出現高壓增強狀況，因此颱風會往太平洋高壓與季風低壓間形成的通道來移動。 ,2018-10-06 10:07,,颱風數量破紀錄卻都轉彎？兩項關鍵保護台灣,https://udn.com/news/story/7266/3406758
吳姿賢,生活,中央表示，關島東南方海面低氣壓今天可能發展為熱帶性低氣壓，最快明天就會升級成今年第25號颱風康芮，預估強度至少有中颱以上，恐在下周末影響台灣天氣，但不確定性大，仍須持續觀察。氣象局說，關島東南方海面有熱帶系統發展，仍需要一段時間來整合結構，但下周四、周五左右會逐漸接近菲律賓東方或琉球南方海面，路徑不確定性很大，其路徑將會影響台灣在下周五之後的天氣型態。氣象局預報員張承傳說，此低氣壓未來有機會持續發展，今天就有機會變成熱帶性低氣壓，預期會再持續增強，最快明天增強為颱風，強度可能有中颱以上，下周後半段影響台灣天氣，但目前時間較早，還須觀察。 ,2018-09-28 09:21,,康芮颱風最快明生成 恐影響台灣下周末天氣,https://udn.com/news/story/7266/3391702
,生活,韓國氣象廳表示，原本被預測登陸日本的今年第25號路徑發生轉向，目前看來，韓國南部地區7日可能受到康芮颱風的影響。氣象廳表示，截至2日上午9時，康芮在日本沖繩東偏南方1080公里附近海上，以時速20公里的速度往西北偏西方向移動。康芮中心氣壓925百帕，最大風速每秒51公尺，風圈半徑400公里。南韓聯合新聞通訊社指出，據氣象廳預測，康芮將繼續向西北方向移動，6日以後在中國沿海附近轉向東北方向，7日上午9時許登陸濟州島西歸浦南方100公里海上。氣象廳預測，康芮將給濟州島近海帶來影響，韓國南部地區也會受到強風影響。康芮最終將經大韓海峽還是南海岸登陸韓國，尚待進一步觀察。根據台灣中央氣象局2日晚間天氣預報，颱風康芮暴風圈直接影響台灣本島機率低，但仍不排除發布海上颱風警報的可能。 ,2018-10-03 08:33,,颱風康芮轉向 7日可能侵襲韓國南部,https://udn.com/news/story/7266/3400357
,生活,第8號瑪莉亞已發展為強颱，下週可能影響台灣天氣，不排除9日發布海上颱風警報。氣象專家今天說，瑪莉亞颱風11日可能距離台灣最近，強度仍有強颱或中颱上限。今年第8號颱風瑪莉亞路徑往南修正，11日可能接近台灣北部海面，中央氣象局預報員顏增璽今天表示，不排除9日晚間發布海上颱風警報。中央大學大氣科學系兼任副教授吳德榮今天在「三立準氣象．老大洩天機」專欄中說，瑪莉亞颱風未來兩天仍位處高「海洋熱含量」(OHC)的海域，垂直風切又小，強度將維持強颱等級；3天後瑪莉亞颱風進入海洋熱含量略降的海域，強度可能微幅減弱或勉強維持。吳德榮表示，瑪莉亞颱風目前預估路徑將先向西北再轉西北西，最新預測路徑已往南修、更接近陸地，威脅程度加大，11日距離台灣最近，在台灣附近時仍有強烈颱風或中颱上限的強度，提醒民眾不可掉以輕心。同時，他補充，未來若太平洋高壓比原本模式模擬得強，則颱風將更偏向預測路徑的南方，偏愈多則影響越嚴重，仍不能排除「潛勢預測圖」再偏南側的機率，但是，颱風目前距離還很遠，不確定性比較大，8日起的預測資料，用來判斷威脅程度，才會越來越清楚。,2018-07-07 13:29,,瑪莉亞颱風11日最近台灣 專家：強颱等級,https://udn.com/news/story/7266/3239711
吳姿賢,生活,今年第29號天兔昨晚8時生成，中央資料顯示，今天凌晨2時中心位置位於北緯10.70度、東經113.20度，以每小時17公里速度，向西南西進行，往越南移動，加上第28號中度颱風萬宜，目前西北太平洋有2個颱風。氣象局指出，位於南沙島海面的輕度颱風天兔，未來水氣會隨著中高層風場移至台灣上空，可能影響台灣下周日之後的天氣，氣象局持續注意。天兔近中心最大風速每秒18公尺，瞬間之最大陣風每秒25公尺，七級風半徑80 公里。至於中度颱風萬宜，距離台灣東南東方還有2000多公里遠，朝西北轉北方向移動，氣象局說，未來路徑不確定性仍大，不過下周日至下周二受到萬宜影響，東半部及恆春半島易有長浪發生的機率。萬宜現以每小時20公里速度向西北進行，近中心最大風速每秒35公尺，瞬間之最大陣風每秒45公尺，七級風半徑150公里，十級風半徑 50 公里。 ,2018-11-23 07:30,,第29號颱風天兔生成 後天起恐影響台灣天氣,https://udn.com/news/story/7266/3496869
,生活, ｢強颱『瑪利亞』至截稿前的中心位置距離台北的東南東方約990 公里，9日下午2點30分發佈海上警報」中央氣象局預報員張承傳說，目前颱風以每小時30公里速度，朝西北西方向，台灣北部近海移動，但登陸台灣的機率小，陸上颱風警報最快將於9日深夜發佈。北部、東北部10日嚴防等級以上雨勢，尤其是10日晚上到11日上午雨勢最明顯。「颱風的十級風暴風半徑中心將會進到北部陸地，北部地區要留意強降雨，」張承傳說，北部10日早上將開始下起間接性雨勢，下午降雨間隔時間縮短，風雨會越來越大，不排除可能會有豪雨特報。南部則是影響較小，9日晚上氣象局將與各縣市政府進行視訊會議，討論是否放假事宜。氣象專家吳德榮9日在「三立準氣象・老大洩天機」專欄中表示，該颱風的破壞力若從東北部登陸，北台灣風大雨大，中部地區及南部山區也有影響；若是靠近北海岸穿過基隆、彭佳嶼之間，就是所謂「西北颱」，北部比較嚴重，中部地區及南部山區也有一些影響。氣象局提醒，台灣北部海面、東北部海面及臺灣東南部海面航行及作業船隻應嚴加戒備。北部、東半部濱海地區及綠島、蘭嶼、恆春半島、馬祖已有長浪出現，請避免前往海邊活動。這段時間適逢大潮，西半部嚴防海水倒灌情形，特別是在西北部沿海。颱風中心會通過馬祖附近，所以當地居民要更加留意。,2018-07-09 19:39,,瑪利亞颱風接近 登入台灣機率小,https://udn.com/news/story/12338/3243162
,生活, 「目前位於東方海面上的熱帶性低氣壓，不排除有機會形成，16日下半天後將影響花東、恆春半島。」中央氣象局預報員徐仲毅15日受訪時表示，未來一周，從南海一直到菲律賓東方海面，都會有低壓帶，迎風面的東半部地區可能有局部下雨，西半部地區則以午後雷陣雨為主。天氣風險公司總監賈新興根據Nature的一篇研究分析1949至2016年全球熱帶氣旋的移動速度，發現暖化竟然讓颱風懶得動了。「現在有個熱帶擾動在於菲律賓東方海面，它的西南側也有一個熱帶擾動，兩者會互相牽引。」徐仲毅說，目前發展成颱風的機會小，是否會發展成今年第九號颱風「山神」還有待觀察，16日晚間將靠近呂宋島一帶，它的外圍雲系就會對東半部、南部地區影響，特別是台東、恆春半島雨勢較大，尤其是16日晚上到隔天清晨，之後逐漸往西移動，影響會漸漸變小。 氣象局提醒，「未來一周在南海到菲律賓東方海面，會是一個低壓帶，天氣會受到它的影響，」另外，迎風面的東半部地區會有下雨情形，尤其是台東、恆春半島；至於西半部地區，在山區與嘉義到屏東的平地則以午後雷陣雨為主。氣溫方面，桃園15日出現36度以上，屬於橙色警示。「南海到菲律賓東方海面，有個低壓帶，台灣西半部處於背風面，容易有溫度偏高情形，」徐仲毅說，特別是中部以北的地區要留意高溫。16、17日之前，在中部以北有35度以上高溫，甚至高達36度，西半部地區則是在17、18日之前要注意高溫情形。氣象專家吳德榮15日在「三立準氣象 老大洩天機」專欄中表示，16、17日在東半部因「熱帶性低壓」外圍的水氣增多，所以降雨也增多；西半部晴時多雲，午後時在山區會有局部性雷陣雨，20日之後的天氣將與熱帶擾動的變化有關，要持續留意。天氣風險公司總監賈新興15日則在臉書上寫下，最近Nature的一篇研究顯示，全球暖化會改變大氣的氣流，而颱風的移動又深受氣流的影響。分析1949至2016年全球熱帶氣旋的移動速度，發現暖化竟然讓颱風懶得動了，速度減慢了將近10%，相當於增溫1度C，會讓降雨和淹水的衝擊加倍。氣象局提醒，東半部、南部地區要留意降雨情形。觀察20、21日之後，這個低壓帶當中是否會再生成熱帶性低氣壓或是發展成颱風。若20、21日後低壓帶往北移，將會改變影響範圍，東半部、甚至是北部地區都有機會受到影響，導致降雨。,2018-07-15 19:22,,第9號颱風山神成形？ 氣象局：待觀察,https://udn.com/news/story/7266/3254021
陳智華,生活,這幾天天氣微涼，秋高氣爽，尤其沒有下雨後，不少人覺得散步非常享受。明天又要上班上課了，天氣如何，一張圖又來了。氣象局臉書粉絲專頁「報天氣-中央氣象局」今天稍早貼文，以一張圖讓大家秒懂未來一周天氣。其中明後天，即10月1日及2日仍是秋高氣爽天氣，各地早晚涼，西半部日夜溫差大，民眾要適時增減衣物，至於3日到5日北、東降雨漸增；尤其是今天下午已增強為中颱的康芮，路徑朝琉球南方海面前進，但不確定性大，仍要隨時更新氣象局最新颱風消息。此外，氣象局也說，明起海邊容易有長浪，民眾一定要注意安全。 ,2018-09-30 18:20,,秋高氣爽+颱風？一張圖看懂未來一周天氣,https://udn.com/news/story/7266/3395706
侯俐安,生活,今年第27號桔梗形成。中央表示，原位於南海的熱帶性低氣壓，今晚8時發展為輕度颱風桔梗，距離鵝鑾鼻西南方約1600公里，預計未來朝中南半島登陸後減弱，對台灣天氣無直接影響。氣象局表示，另一個位在菲律賓東方的熱帶性低氣壓，接下來會朝菲律賓移動進入南海地區，由於環境將適合它發展，下周六選舉日左右將替東部、東南部帶來水氣，但因距離仍遠，需持續觀察。氣象局表示，明天白天天氣狀況較今天好轉，北部、東半部依舊有局部短暫雨，但以多雲的天氣型態為主，中部及南部山區則是雲量稍多，偶有飄雨，平地則是多雲到晴；然而隨著鋒面接近，下半天起上述區域水氣又增加，特別是入夜後越靠近北部、東北部會有比較明顯的雨勢，中部和東半部降雨機率也會再次提升。溫度方面，由於白天雨勢趨緩，北部、東北部氣溫略回升，回到約27度，東部、東南部仍是27度上下，中南部則維持29、30度，清晨各地還是19至22度的低溫，請留意日夜溫差的變化。氣象局指出，周一鋒面通過、東北風增強，北部、東北部整天偏涼，低溫下探19度，高溫也僅22至23度，中南部高溫仍有30度左右，但日夜溫差可達10度；北部、東半部及中南部山區有局部短暫雨。 ,2018-11-17 21:26,,27號颱風桔梗生成 氣象局：對台無直接影響,https://udn.com/news/story/7266/3486774
侯俐安,生活,位於關島海面的熱帶性低氣壓，今天晚間發展為今年第28號「萬宜」。中央表示，萬宜颱風將往西北移動，接近日本南方海面時又會遠離，對台灣地區沒有直接影響。29號颱風天兔最快明、後天生成，但對台灣大致上都不會影響台灣。氣象局表示，周四清晨鋒面通過、東北季風增強，中部以北下探17度，其他地區約19至21度，除南部平地多雲外，其他地區都有局部短暫雨，周六選舉日當天，雨勢較周四、五緩和，僅東半部有局部短暫雨，各地低溫約17至20度，東北部高溫約26度，中南部高溫約28至30度。 ,2018-11-20 21:57,,28號颱風萬宜生成 29號颱風最快明生成,https://udn.com/news/story/7266/3492246
雷光涵,生活,中央今晨對全台5縣市發大雨特報。氣象局表示，受東北季風及外圍環流影響，今日基隆北海岸、新北山區、宜蘭、花蓮及台東地區有局部大雨發生的機率；山區請慎防坍方、落石，低窪地區請注意積水。氣象局說，今天天氣與昨天類似，仍受東北季風及颱風外圍環流影響，北部及東半部地區有陣雨，其他地區也有局部短暫陣雨，外出請記得攜帶雨具；至於氣溫方面，各地早晚均偏涼，清晨目前為止是在蘇澳的18.2度，各地低溫17至22度，尤其北部及東北部整天溼涼預測低溫僅約17、18度，預測白天高溫也只有21至23度，花東約24至27度，中南部28至30度，請多多留意氣溫的變化。此外，氣象局對19個縣市發布陸上強風特報，表示東北風相當強勁，台南以北、東半部（含綠島、蘭嶼）、恆春半島及澎湖、金門、馬祖沿海、空曠地區易有9至11級強陣風，沿海及鄰近海域並有較大風浪；另外受玉兔颱風影響，東半部（含綠島、蘭嶼）、恆春半島、西南部沿海地區及澎湖易有長浪發生，請避免前往海邊活動。氣象局指出，第26號輕度颱風玉兔，今凌晨2時中心位置距離在鵝鑾鼻西南方530公里的海面上，向北北西轉北北東移動，北上的過程強度會持續減弱，不過中層水氣會順著導引氣流輸送至台灣上空，又配合低層東北季風及地形，今、明兩天北部及東半部可能有局部大雨或豪雨發生的機率。 ,2018-11-01 07:54,,颱風外圍加東北季風 氣象局發強風大雨特報,https://udn.com/news/story/7266/3454359
董俞佳,生活,颱風昨天減弱為中颱。路徑持續往西走，指出，玉兔今天晚上8點在鵝鑾鼻南南東方約690公里海面上，以每小時21公里速度，向西移動持續朝呂宋島移動，氣象局也提醒，受到玉兔外圍環流以及東北季風「共伴效應」影響，周三至周六北部、東半部有出現大雨至豪雨的機率，要特別注意。中央氣象局表示，中颱「玉兔」預計明天登陸並穿越呂宋島，周三進入南海後往北移動，估計受到地形與東北風影響，強度會在持續減弱，之後會往東沙島、方向移動。氣象局指出，因玉兔接近東沙島、台灣海峽時，強度應該已經迅速減弱，也可能已不是颱風，對台灣的影響還待評估。但氣象局提醒，台灣北部、東部周三至周六受到其外圍環流及東北季風產生「共伴效應」的影響，需慎防大雨至豪雨等級的劇烈降雨。 ,2018-10-29 22:02,,共伴效應！颱風玉兔靠近 周三起恐降豪大雨,https://udn.com/news/story/7266/3449652
,,,,,,https://udn.com/news/story/7266/3228410
,生活, 今年第8號瑪莉亞路徑持續南修，中央預報員顏增璽今天表示，由於太平洋高壓持續增強，颱風不排除登陸台灣，海上、陸上颱風警報發布機率高。中央氣象局觀測，第8號颱風瑪莉亞目前位在台灣鵝鑾鼻東南東方約2200多公里處，以每小時12公里速度朝西北移動，近中心最大風速每秒51公尺，七級風半徑200公里，強度為強颱等級。顏增璽說，由於太平洋高壓持續增強，因此，颱風瑪莉亞路徑持續南修，11日最接近台灣，颱風中心可能擦過台灣北部，甚至不排除登陸，預計9日晚間就會發布海上颱風警報，陸上颱風警報發布機率也高。他表示，瑪莉亞颱風最接近台灣的時間將落在10日晚間到11日，由於目前距離台灣仍遠，路徑還可能會修正，提醒民眾持續留意氣象局發布的颱風資訊。,2018-07-07 16:47,,颱風瑪莉亞路徑再南修 不排除登陸台灣,https://udn.com/news/story/7266/3239992
侯俐安,生活, 熱帶性低氣壓與中颱山竹接力威脅台灣，行政院長今天下午2時視察中央。中央氣象局預報中心主任呂國臣說明，熱低壓今明天通過台灣南端，若明午前增強為輕颱，氣象局將立即發布海上陸上警報；山竹颱風持續向西移動，未來可能增強為強颱、暴風半徑擴大，本周六、日影響台灣。賴清德則強調，多一分準備，真正致災時才有辦法減少一些傷害，請中央與地方全力以赴。賴清德致詞時感謝氣象局面對颱風與豪大雨不眠不休。不過他也強調，有鑒於熱帶性低氣壓、西南氣流在南台灣造成威脅，這兩天大雨襲擊北台灣，台灣承受雨量非常多，熱低壓今晚8時至明天也將從台灣南側經過，山竹颱風14、15日也將經過台灣，路線應該已經很確定，但雨量尚難預測，今天特別來氣象局，除了感謝辛勞，也勉勵大家「能做到三點」。賴清德強調，第一、做最正確的預報，無論是颱風路徑、雨量，或是會下在哪裡，一定要提供最正確的預報；第二、提供最即時的預報，科技愈來愈發達，氣候變遷也愈來愈嚴重，瞬間差異非常大，必須隨時提高警覺，掌握每一分鐘的變化，及時提供訊息，給台灣社會；第三、能提供最全面的服務，氣象資料不是政府需要而已，士農工商無論海域、山上、陸地，各行各業都需要，提報訊息也必須兼顧各行各業，應相當全面。賴清德也說，由於後續變化尚難全部預測，有些改變可能帶來進一步災情，中央政府各部會及地方政府要嚴正以待，要做到必要性預防性撤離；既然路徑、通過時間已經知道，要做到超前部署，機器、人員、沙包等。他說，這次熱低壓在南台灣造成淹水，南下協助時有發現抽水機功能不佳，可能泡水後損壞、或是本身沒注意的異常，功能要先準備好，使其能發揮作用。,2018-09-10 14:43,,熱低壓颱風接力襲台 賴清德盼做到這三點,https://udn.com/news/story/7266/3359259
,生活,今年第24號潭美持續朝西移動，中央預估27、28日最接近台灣，氣象專家吳德榮今天表示，潭美颱風持續增強，不排除有威脅台灣的可能。中央氣象局觀測，今年第24號颱風潭美今天凌晨2時位在鵝鑾鼻東南東方2320公里之海面上，仍以西北西方向往琉球東南方海面移動，中央氣象局員吳依帆今天表示，潭美颱風27、28日最接近台灣，外圍雲系可能影響台灣天氣，由於其發展條件佳，接近台灣時強度可能為中度颱風。中央大學大氣科學系兼任副教授吳德榮今天在「三立準氣象．老大洩天機」專欄中指出，歐洲中期預報中心(ECMWF)模式模擬，若是太平洋高壓減弱幅度大，潭美颱風將在琉球東方近800公里北轉，若是減弱幅度小，則通過呂宋島北端，但也不排除直接穿越台灣可能，路徑預測相當分散，變數仍多，但不排除有威脅台灣機率，應持續觀察。他說，潭美颱風未來經過的海域海洋熱含量，環境垂直風切也不大，有利於其持續增強，不過應不及今年第22號颱風山竹。,2018-09-22 10:56,,潭美颱風27日接近 專家：不排除威脅台灣,https://udn.com/news/story/7266/3381604
謝育炘,生活,台灣南、北部接連豪雨成災，行政院長賴清德今天(10日)下午特地到中央視察，聽取氣象報告。中心主任呂國臣指出，現在有一個熱帶性低氣壓在台灣周邊擾動，今天下午至明天上午將通過台灣南端，若明午前增強為輕颱，氣象局將立即發布海上陸上警報。另外「山竹」颱風持續增強向台灣靠近，不排除發展成為強颱侵襲台灣東部，山竹颱風14、15、16日影響台灣最劇，其中15日又會帶來最明顯的強降雨。賴清德表示，台灣近日承受的雨量已經非常非常多，勉勵相關單位做到正確預報、即時預報、全面服務三大點，來確保民眾人身、財產的安全，更呼籲多一分準備就能少一分災害，要各單位嚴陣以待。 ,2018-09-10 17:35,,影／熱低壓+颱風來勢洶洶 賴揆赴氣象局關心動態,https://udn.com/news/story/6656/3359598
雷光涵,生活,今年第21號燕子是中颱、強颱，到底該聽誰的？昨天14時燕子已被美國聯合颱風警報中心定義為「強烈」颱風，我國的中央20時才將它從中度認定為強烈颱風，日本是今天凌晨2時才達強烈標準，到底誰的強度才是正確的？中央大學大氣科學系兼任副教授在「三立準氣象·老大洩天機」專欄指出，一是主觀因素、一是美國採1分鐘平均風速，所以估計結果會差很大。吳德榮表示，美國聯合颱風警報中心昨天下午已將其定為51米/秒的強烈颱風，日本地區中心當時才定為43米/秒，中央氣象局定得更弱，僅為40米/秒，皆仍為中度颱風。他說，造成差異主要原因有二：其一是美國採用1分鐘的平均，所估得的平均風速，比世界氣象組織採用的10分鐘平均大；其二是主觀因素所造成，因為在西北太平洋並無颱風的觀測資料，各國作業中心僅能利用衛星雲圖來估計，採用的方法雖相同，估計結果還是不同。到底誰定的強度才是正確的？吳德榮說，很可惜，沒有觀測資料可以證明。吳德榮說，最新(31日2時)路徑潛勢預測圖顯示，燕子下周二起在日本南方海面，逐漸北轉，下周三2時中心已接近日本，但有不確定性。最新(30日20時)歐洲系集模式顯示，50次的模擬成員中，北轉襲日的機率非常高，已無侵台機率。所以，下周三前後有日本行程，應注意它的動態。中央氣象局表示，今天西南風逐漸減弱，中南部及東南部地區偶而仍有局部降雨出現，但降雨空檔比昨天多。其他地區主要以午後雷陣雨型態為主，仍應留意午後熱對流所帶來的較大雨勢，提醒大家外出時請攜帶雨具以備不時之需。至於氣溫，比昨天有稍上升的趨勢，預測花東雲量較多，高溫約在29、30度，其他地區約31至33度。 ,2018-08-31 07:25,,燕子颱風強度哪一國說的對？吳德榮告訴你,https://udn.com/news/story/7266/3340586
王長鼎,生活, 中央災害應變中心今天晚上8時召開山竹第五次工作會報，由於山竹颱風已逐漸遠離台灣南部海域，往港澳地區及中國大陸方向前進，應變中心於今天晚上8時30分宣布解除海上颱風警報，由各單位密切注意颱風後續情況及相關道路、電力搶救善後處理。經統計全省於這次颱風期間僅一人死亡。依據中央指出，15日晚至16日仍有強風，沿海風浪仍大，17至18日臺灣附近海面仍須注意長浪，前往海邊活動請務必注意安全。氣象局表示，計15日晚至16日上午，東半部、屏東地區及高雄、南投山區降雨仍明顯，尤其屏東、台東山區有豪雨等級以上降雨發生的機率，呼籲民眾隨時留意氣象局發布最新海氣象資訊。   ,2018-09-15 20:39,,山竹颱風遠離 今晚8時30分解除海上颱風警報,https://udn.com/news/story/7266/3369702
,生活,號稱近來「地表最強」山竹15日登陸菲律賓，造成嚴重災情，數十人因此喪命。之後山竹又繼續朝港澳方向前進，昨日和掛起最高級別「十號風球」警示民眾，公司行號及學校機關也都停班停課。山竹席捲港澳，強大的風力夾帶雨勢，造成各地陸續傳出災情，有民眾拍下位於紅磡海濱廣場的海逸君綽酒店因為風勢過大，造成建築上的玻璃碎裂，房間內部物品及紙張等不斷向外飛出，白色紙屑紛紛在空中飄揚盤旋。香港一棟施工中的大樓，因為承受不住強風豪雨的侵襲，造成起重機從空中墜落，不僅如此，原本施工到一半的大樓也因此扭曲變形。停靠於小西灣藍灣半島巴士總站的一輛計程車，因為風雨太大，海水及雨水不斷往計程車身上拍打，造成計程車幾乎無法承受風雨的力量，不斷左右搖擺。其他地區的大樓也因為風力吹襲，不斷左右搖晃。有香港民眾在臉書專頁貼出一段影片，影片中位於大樓對面的起重機被狂風吹到開始旋轉，距離民眾居住的大樓玻璃窗只有幾步之隔，嚇得影片拍攝者狂喊：「不要過來！」所幸最後有驚無險。網友在臉書上貼出一段影片，只見影片中一位民眾因為風勢太強而被吹倒在地，這位民眾原本想重新站起，無奈因為風力太強，即使嘗試好幾次都無法成功。過程中另一位民眾原本似乎想像前搭救，但卻也因為風雨，不小心整個人滑倒在地，最後兩人在彼此協助之下才脫離險境。颱風過後，香港網友在臉書上貼出照片，照片中位於杏花村的街道上滿地都是寶特瓶、塑膠等垃圾，這些垃圾因為颱風的雨水及海水衝擊被拍打上岸，不少網友看到後也紛紛表示眼前景象根本是「大自然的反撲」。 由於颱風災情嚴重，昨日各地往返港澳的班機也因此取消，澳門賭場也史上第一次因為颱風而閉館一天。除此之外，各地民眾為了買取食物也大排長龍，不少超商及便利商店架上的食物被搶購一通。 ,2018-09-17 10:31,,影像看災情／黑魔鬼山竹颱風蹂躪 香港宛如上演災難片,https://udn.com/news/story/12502/3371539
何祥裕,生活, 氣象達人在臉書粉絲頁貼文表示，來襲，北部今晚風雨逐漸加大至明晨，周三上午暴風圈逐漸脫離。貼文指出，今年第八號瑪莉亞清晨六點半的位置自台北東方約六百多公里地方，以每小時二十八公里速度往西北西，也就是往日本的宮古島到石垣島，然後往彭佳嶼方向移動，中心最大風速稍減弱，仍有每秒53公尺，暴風半徑仍維持七級風兩百八十公里，十級風一百公里，由於目前颱風經過的海面不若先前溫度那麼高，同時有些乾空氣逸入颱風內，強度還有機會略降一些，但還是強颱等級，未來幾個小時內，當颱風通過日本和宮古島和石垣島間，可以來看看實際量測到的風有多強烈。今天下午開始，東北部及北部就會感受到風勢有點增強，偶有局部陣雨，根據目前的路徑趨勢來看，颱風暴風圈將會在今天傍晚五六點碰觸到台灣東北部，北北基宜預期在晚上開始，就會明顯感受到風雨，越晚越強。由於颱風走得快，大約在深夜到周三清晨時，是颱風中心最接近台灣北部陸地，風雨也會最劇烈。而颱風預期走得快，在周三上午八到十點，可能中心經過馬祖附近，然後登陸福建，暴風圈有機會在中午前脫離。目前氣象局把陸上警戒的區域，整個包含到中部的台中、南投到彰化以北，包含東部的宜蘭花蓮，都是首要的注意區域，要留意較強的風勢及雲雨帶移入後的強降雨。這次雨量預估，最大的在北部，平地最多有200-400毫米，山區有300-500毫米，主要集中在北部山區或是延伸到中部山區，這不算多，但可能集中在這一兩天內，或是不到十二小時內下完，是相當有感的雨勢，還是要特別留意。瑪莉亞颱風並未有帶動西南氣流，預期颱風周三中午前離開後，除了有些零星的風雨外，很快就會在周四五轉為晴朗穩定的夏季天氣。雖然這次北部首當其衝，南部影響較少，但今明兩天還是要留意，當颱風環流通過時，可能會有部分區域有焚風現象發生，農作物還是要提高警覺。從目前的風雨預測來看，周二晚上在宜蘭可能接近停班停課標準，北部新竹以北也在邊緣，預期周三凌晨到清晨間是最大，周三上午也可能還在暴風圈內，要看實際的災情或風勢才能夠做完整的判斷，而周三下半天就會減緩不少。也建議您尊重防災決策人員，給他們一點空間與彈性，不要到周三下午來揶揄又放了一個颱風假，或是用某地感受上的風雨來判斷準或不準，因為預測颱風是靠科學，不是算命，雖然都可以精準掌握，但還是有些變動度，需要監測與預測一起來。至於是不是西北颱，其實這是氣象人員分類時的一種比較，通常是事後來看，尤其也有很多颱風，不在那五十公里內也釀成大災，也有在那內，卻影響輕微，建議大家在分辨科學與形容用語上，可以再一起精進。今天請朋友做這幾件事，不管您是公務人員、公司企業或是居家住宅，務必招開防颱會議，準備做防颱工作。第一件事把戶外的雜物、例如盆栽、樹木或堆砌的物品整理好，檢查招牌或易被吹壞器具，大型玻璃帷幕要做好強風防護，測試是否關好，避免被強風破壞。第二件事，把陽台或屋頂的排水孔檢查，避免因為樹葉阻塞，必要時測試是否暢通，也檢查附近的排水溝，如果可以先稍微清理一下。第三件事，把發電機或收抽水機準備好，先測試一下，是否油料充足。第四件事，一樓與地下室出入口的防水檔板或是砂包，要準備好，排定夜間輪班人員，定期巡邏檢視。第五件事，準備好停電時必要的因應措施。如果以上五件事情完成，可以早點下班，建議公車、捷運提早收班；商家提早打烊，回家時買好泡麵、乾糧、零食、電池，準備度過颱風夜，希望台灣今夜明晨，一切平安，戒慎虔誠。,2018-07-10 07:57,,瑪莉亞颱風來襲 彭啟明：北部今晚風雨逐漸加大,https://udn.com/news/story/7266/3243898
洪安怡,生活,遠在3千公里外的山竹讓大家提心吊膽，但中央表示，現在在台灣附近的熱帶性低氣壓也不排除今、明天兩天增強成颱風，且因位置靠近台灣，一旦成為颱風便可能立刻發布警報，為北部、東半部及南部地區帶來降雨，換言之，本周台灣可能接連受到颱風威脅。氣象局表示，目前台灣東南方海面熱帶性低氣壓發展，將逐漸往西移動通過海峽，預估今、明兩天最靠近台灣，若發展成颱風，將是今年第23號颱風百里嘉（Barijat），並可能立刻發布警報，也不排除暴風圈觸陸的可能，但由於距離過近，結構已經被破壞，發展條件並不佳。不過氣象局提醒台灣東半部海面及巴士海峽航行及作業船隻應特別注意。氣象局預報員朱美霖表示，中颱山竹距離台灣約莫仍有3千公里，預估未來持續朝西移動，將在周六、周日最接近台灣，且由於山竹從開放的海面上步步進逼，對發展有利，預估靠近台灣時將會發展成強烈颱風，近中心最大風速預估可達到每秒55公尺，與每秒58公尺的颱風燕子相去不遠，且可能再增強。今天受到該熱帶性低氣壓與外圍環流影響，北部、東半部及恆春半島整天都會有陣雨或雷雨，局部地區並可能仍有大雨或豪雨發生的機率，氣象局今日上午針對花蓮縣、台東縣發布豪雨特報，北北基、宜蘭縣、屏東縣發布大雨特報，提醒民眾注意。氣象局說，今天入夜之後，北部及東北部的降雨會趨於緩和，主要降雨區域會移至花東地區及恆春半島；而中南部地區主要為雲量多，午後有局部短暫雷陣雨的天氣；氣溫方面，清晨各地低溫約22到25度，白天高溫北部及東半部因為降雨，高溫約在28到30度，其他地區高溫約在30到32度。明後兩天，巴士海峽附近的熱帶性低氣壓持續發展，為北部、東半部及南部地區帶來降雨，周四、周五，太平洋高壓增強，熱帶系統遠離，整體降雨減少，其他各地恢復為多雲到晴、午後雷陣雨的天氣型態，僅東半部地區及北部山區仍有局部短暫陣雨。 ,2018-09-10 11:00,,氣象局：山竹颱風近中心最大風速預估與燕子相去不遠,https://udn.com/news/story/7266/3358736
吳姿賢,生活,今年第30號颱風帕布最快今天形成，有可能是今年最後一號颱風。中央員官欣平表示，菲律賓東方海面熱帶性低氣壓進入南海後將持續發展，今明兩天有機會成颱，對台灣天氣無直接影響，但周日將為台灣帶來南方水氣。氣象局表示，明天東北季風增強或大陸冷氣團南下，迎風面水氣將增多，北部及東半部地區降雨機率提高，其中東北部地區及北部山區有局部大雨發生的機率，氣溫也將呈現一路下降的趨勢，白天濕涼，晚間更冷，民眾應注意，外出攜帶雨具，中南部地區白天則還是多雲到晴，不過隨著冷空氣逐漸南下，夜晚也會開始降溫，變得比清晨更冷。氣象局說，周五、周六兩天是這波冷空氣影響最明顯的時候，迎風面的北部及東半部地區由於整天雲多、有局部短暫雨，感受偏濕冷，東北部地區及北部山區仍有局部大雨發生的機率，中南部則是早晚偏冷、日夜溫差大；夜晚及清晨最低溫度中部以北及東北部低溫將下探13至15度，其他各地約16、17度。由於氣溫變化幅度大，請留意身邊心血管疾病患者、幼兒及年長者的健康狀況。氣象局說，下周日至下周二雖然冷空氣強度稍減，但由於南方雲系北移，台灣附近水氣明顯增多，因此迎風面地區仍持續下雨，其中北部及東北部整天下雨時間長，中南部天氣則是相較日前轉陰、轉雨，而若溫度與水氣影響的時間有配合，三千公尺以上高山將不排除出現降雪。整體來說，全台皆偏濕涼，戶外活動請注意保暖並攜帶雨具；南方雲系北移影響的時段與程度尚存在不確定性，請大家留意最新預報資訊。 ,2018-12-26 09:21,,帕布颱風最快今形成 周日帶雨來台灣,https://udn.com/news/story/7266/3558409
李奕昕,生活,逼近台灣，中央下午2點半發布海上颱風警報，預計明天凌晨發布陸上颱風警報，入夜後風雨可能增強，台北市消防局完成整備，提醒民眾做好防颱工作。台北市消防局表示，遇緊急狀況可撥打1999、119或110，非必要盡量不要外出，以免遭掉落物砸傷，低窪或山坡地區住戶，要留意豪雨山崩與土石流，收到市府疏散撤離通知應迅速配合。消防局提醒民眾檢視固定住家門窗，將盆景移至室內，取下或釘牢工地圍籬、鷹架、看板及廣告招牌，避免被強風吹落發生危險。消防局建議備妥緊急避難包，包含礦泉水、食物、證件影本、現金、常用藥品、粗棉手套、手電筒、收音機、電池、禦寒衣物、小毛毯、輕便雨衣、暖暖包、面紙、毛巾、紙筆、備用鑰匙、瑞士刀等應急物品，放在家中或工作場所隨手可取之處。欲了解氣象、淹水潛勢及避難收容資訊，可上台北市防災資訊網查詢，或下載「台北市行動防災App」，加入台北市政府Line官方帳號，可訂閱、水情、水閘門啟閉、紅黃線停車等訊息推播服務。    ,2018-07-09 22:56,,瑪莉亞颱風逼近你準備好了嗎？緊急避難包要放這些東西,https://udn.com/news/story/7266/3243636
,生活,今年的第22號颱風「山竹」，被稱為「今年最強颱風」，中國大陸氣象局稱之為「風暴之王」，連續侵襲菲律賓、港澳、兩廣、海南等地，造成重大死傷，目前暴雨仍在持續中，多處地區嚴重淹水、停電，還有許多住戶家玻璃被風吹爆，連外牆水泥因狂風而鬆脫，要如何應對凶悍的山竹颱風，有網友提出要將山竹「」。 由於「風王」山竹颱風肆虐，中國大陸網友曾想要「消滅」它，《中新網》登出網友的說法，提出「除名」說。報導指出，本月16日深圳市氣象局官方微博「」表示，希望中國大陸中央氣象局能夠申請將山竹「除名」。世界颱風委員會有一個規定，全球有140個颱風名字輪流循環使用，而造成特別嚴重災害的熱帶氣旋或因其他原因，颱風委員會成員都可以申請將該名從命名表中刪除，其他熱帶氣旋不能再使用此一名稱，也就是將這個名稱只命名給此次熱帶氣旋，即「除名」。例如2005年第19號颱風「龍王」、2013年第30號颱風「海燕」、2016年第14號颱風「莫蘭蒂」，都因在中國大陸造成巨大破壞正式被除名；截至目前，全球已有36個颱風名稱被除名。事實上，山竹颱風是接替2006年被除名的「榴槤」颱風而來，當年榴槤颱風在菲律賓造成數百人死亡，菲律賓乾脆提議除名，「山竹」則是隔年泰國提交的名稱，但事實證明一樣可怕，山竹颱風在台港菲三地，共通報有69死，多人失蹤，光是菲律賓就至少有64人罹難。不少中國大陸網友對山竹可能除名表示，「原來山竹前世叫榴槤」、「山竹是水果王后，榴蓮是水果之王，以後給颱風取名不要用這麼有地位的水果名字命名了，不如叫小櫻桃、小李子、小荔枝之類的」、「除名吧，這輩子都不想吃山竹了」、「必須除掉他」、「禁止用水果取名」。  ,2018-09-18 11:08,,「風王」山竹颱風肆虐引民怨 陸氣象局要提除名消滅它,https://udn.com/news/story/12502/3373432
雷光涵,生活, 中央副局長鄭明典昨在臉書貼文說，第25號外圍雲系已經開始影響韓國，對於少有颱風直接登陸的韓國，康芮代表當地可能的極端天氣，應該會是個大衝擊。今年8月登陸南韓的蘇力颱風帶來強風大雨，維基百科資料說，上一次登陸南韓的颱風是2016年的芙蓉。康芮可能是今年第二個登陸南韓的颱風。中央氣象局預報員林伯東表示，影響颱風的路徑通常是太平洋高壓，也可能有其他因素。康芮也是沿著太平洋高壓的邊緣轉折。氣象局最新資料顯示，中度颱風康芮中心位置位於北緯 32.90 度、東經 126.50 度，以每小時45公里速度，向東北進行。颱風中心氣壓 965百帕，近中心最大風速每秒35公尺，瞬間之最大陣風每秒4 公尺，七級風半徑250公里，十級風半徑 80 公里。 ,2018-10-06 08:46,,極端天氣？ 鄭明典：少颱風登陸的南韓再迎康芮,https://udn.com/news/story/7266/3406738
吳姿賢,生活, 下周有機會生成今年第9號「山神」。中央表示，目前南海到菲律賓東方南面都是大低壓帶，裡面有許多熱帶擾動，昨晚8點關島西北方已形成一個熱帶性低氣壓，其他熱帶擾動也可能繼續發展，不排除下周一以後有颱風形成。氣象局預報員張承傳表示，下周台灣處於大低壓帶裡面，天氣變數較大，有發展成颱風的可能，但要看熱帶性低氣壓或熱帶擾動確切位置在哪裡，才能預測未來路徑是否對台灣有影響。氣象局表示，明天清晨東南風環境下，南方低壓雲系移進台灣，南部及東半部地區天氣較不穩定，有局部短暫陣雨或雷雨，其他地區大致為多雲到晴，午後有局部短暫雷陣雨，北部平地則相對穩定；預測氣溫方面，各地高溫約32至35度，沒下雨時感受悶熱。氣象局表示，下周一前風向漸轉偏東風，迎風面東半部地區及恆春半島有局部短暫陣雨；其他地區上半天基本為多雲到晴，午後有局部短暫雷陣雨。,2018-07-14 11:04,,氣象局：今年第9號颱風山神 下周有可能生成,https://udn.com/news/story/7266/3252203
雷光涵,生活,「燕子」前天8時生成，是今年西北太平洋的第21號。中央大學大氣科學系兼任副教授在「三立準氣象·老大洩天機」專欄指出，今年是氣象史有可信記錄(1958起)以來，元月起至8月底的颱風總數，史上第3多，最多的是23個發生1965、1971年。吳德榮解釋，今年颱風偏多的主因是自7月上旬起至8月底，季風低壓環流持續盤據西北太平洋，在其中13個颱風連續生成；另有1個「跨界」的颱風赫克特，致7、8月的颱風數合計達14個，更居史上同期第2多，最多的是1960年7、8月發生15個颱風。 吳德榮表示，因環境垂直風切小、海洋熱含量(OHC)高，燕子增強快速；昨天14時已增強為中度。中央最新資料預測，燕子將於周六前後增強為強烈颱風。他說，最新(29日20時)歐洲系集模式顯示，50次的模擬成員中，北轉襲日的機率再提高，轉向台灣的機率已降低，可以繼續觀察。中央氣象局指出，今天西南氣流開始減弱，中南部及東南部地區仍有短暫陣雨或雷雨，但降雨比昨天明顯趨緩，其他地區主要以午後雷陣雨型態為主，仍應留意午後熱對流所帶來的較大雨勢，提醒大家外出時請攜帶雨具以備不時之需。氣溫比昨天有稍上升的趨勢，預測南高屏部及花東雲量較多，高溫約在27至29度間，其他地區約30至33度。氣象局說，中度颱風燕子今天凌晨2時的中心位置距離台北東南東方約3120公里之海面上，目前沿著太平洋高壓南側向西進行，短期內不至於影響台灣的天氣。 ,2018-08-30 07:30,,吳德榮：7、8月颱風14個 史上同期第二多,https://udn.com/news/story/7266/3338378
雷光涵,生活,中央氣象局預估，中颱將從台灣、琉球海域北轉，影響日本天氣。今年有好幾個較早預估會侵襲台灣的颱風，轉而往日本前進，今年撲向日本的颱風真的比較多嗎？日本氣象廳統計顯示，不含短時間的通過小島等，今年至9月20日為止，登陸日本的颱風有4個，中心接近日本300公里內範圍的颱風有13個；比30年平均數略多。日本氣象廳統計至今年9月20日，也就是不含潭美颱風。今年7月有1個、8月2個、9月有1個颱風登陸日本，去年也有4個登陸、2016年有6個颱風登陸日本，且8月就有4個；都比平均數的每年2.7個要多。接近日本的颱風數，平均為11.4個，今年高於平均值。6月2個、7月4個、8月7個、9月1個，今年不含潭美已有13個。去年有8個、2016年11個、2015年有14個。不過今年接近日本本土北海道、本州、四國、九州，不含沖繩等的颱風，今年有8個，遠高於本土的每年平均5.5個。日本氣象協會分析，第24號颱風潭美一度達日本標準最強烈的颱風等級（近中心最大風速每秒54公尺），今年至今已有5個達此強度，為有統計的40年以來的第二多，2016、2014、2013及2006年也有5個；最多紀錄是1983年的6個。不過日本的颱風等級與台灣不同，中央氣象局是以近中心最大風速每秒51公尺以上為強颱。日本氣象協會指出，今年強颱燕子造成日本關西機場等近畿地方的嚴重災情，對菲律賓、香港等也造成重大災情傷亡。日本對颱風分級有3等，近中心最大風速每秒33公尺為「強」、44公尺為「非常強」、54公尺是「猛烈」。過去40年有83個達猛烈等級的颱風，占西北太平洋颱風全體的8%。  ,2018-09-27 09:07,,台灣再次閃過颱風登陸 今年撲日颱風真的特別多？,https://udn.com/news/story/7266/3389568
董俞佳,生活,輕度瑪莉亞 (編號第 08 號，國際命名 MARIA)昨天晚間生成。指出，颱風未來將往群島接近，屆時要看北邊高壓強弱，高壓強的話，颱風會偏西，較靠近台灣，如果高壓弱的話，位置則偏北，往琉球群島靠北側通過，因變數大，還要持續觀測中。依照目前觀測顯示，10日左右會是最接近台灣的時間。氣象局觀測資料顯示，瑪莉亞颱風目前中心位置位於北緯 14.10 度、東經 144.00 度，以每小時14公里速度，向西北進行。颱風中心氣壓 995 百帕，近中心最大風速每秒 23 公尺，瞬間之最大陣風每秒 30 公尺，七級風半徑 120 公里。氣象局表示，未來會持續觀測颱風路徑，依照目前看來，10日左右颱風會到琉球群島一帶，屆時影響程度會比較明朗。未來天氣方面，氣象局表示，7日之前受西南風影響，中南部有陣雨或雷雨，其他地區偏午後雷陣雨。8日、9日風向轉偏東風，東半部要注意短暫陣雨，10日、11日要視颱風走向，預計從琉球群島持續北上，屆時巴士海峽水氣帶上後，水氣增多，要注意雨勢。 ,2018-07-05 17:46,,氣象局預測瑪麗亞颱風 10日最靠近台灣,https://udn.com/news/story/7266/3236604
,生活,強烈山竹15日最接近台灣，中央員程川芳說，最快14日清晨就會發布海上颱風警報，路徑南修，陸上颱風警報發布機率低，但也不能排除。中央氣象局觀測，今年第22號颱風山竹今天上午8時距離台灣鵝鑾鼻東南東方約1880公里，持續朝西移動，近中心最大風速每秒55公尺，強度為強烈颱風。程川芳說，強颱山竹15日將是最接近台灣的時候，預計14日晚間到16日上半天迎風面的東部、南部會有明顯降雨，雨勢可能達到大雨或豪雨等級，中部和北部山區也會有局部短暫陣雨，但西半部平地受沉降作用影響，可能出現高溫，降雨也較少。程川芳表示，隨著山竹颱風接近，中央氣象局最快會在14日清晨發布海上颱風警報，由於太平洋高壓增強，山竹颱風路徑南修，對台灣威脅性降低，因此陸上警報發布機率低，但也不能完全排除陸警的可能性，氣象局將持續觀察。 ,2018-09-12 19:08,,「山竹」颱風海警最快14日發布 南部東部防豪雨,https://udn.com/news/story/12494/3363902
陳智華,生活, 昨天雷雨襲擊北北基，多處淹水，今日持續下雨，氣溫降低不少，頗有秋的味道。最近天氣如何？臉書粉絲專頁「」稍早貼文，預報未來10日天氣。氣象局指出，周二、周三（11日、12日）巴士海峽附近的熱帶性低氣壓持續發展，並在這段期間最靠近台灣，影響台灣附近的天氣，容易為北部、東半部及南部地區帶來降雨，不過目前此熱帶系統的發展程度及未來走向仍有不確定性。至於周四、周五（13日、14日）太平洋高壓增強，熱帶系統遠離，整體降雨減少，其他各地恢復為多雲到晴、午後雷陣雨的天氣型態，僅東半部地區及北部山區仍有局部短暫陣雨。第22號山竹下午已增強為中颱，並持續增強中，預計周六、周日（15日、16日）從巴士海峽通過，受颱風或其外圍環流影響，北部及東半部地區有短暫陣雨或雷雨，其他地區有局部短暫陣雨或雷雨，但氣象局指出，颱風路徑預報存在不確定性，民眾應隨時更新最新預報資訊。至於17日至19日颱風遠離，但台灣附近水氣仍多，各地仍有短暫陣雨或雷雨。 ,2018-09-09 19:45,,下雨+颱風 氣象局告訴你未來10日天氣,https://udn.com/news/story/7266/3357888
雷光涵,生活,今年有好幾個颱風生成以後，未侵襲台灣、也未發布海警或陸警。依中央官方網站的數據，回溯過去30年，今年有發布警報的颱風只有瑪莉亞和2個，是最少的。不過氣象局長期課表示，從有登陸台灣或有致災的颱風「侵台」數據來看，每年平均為3.63個，1964年沒有颱風侵襲台灣。氣象局颱風資料庫有歷來發布颱風警報的颱風列表，今年偏少只有2個。近10年，最多的是2012年的7個，2015年6個，去年及前年有5個，2014年也只有3個，強烈颱風最多發生在2015年有2個強風。回顧30年來的統計，發布最多颱風警報個數是9個，包括2004年、2003、2001等。氣象局長期課表示，今年有2個颱風侵襲台灣，侵台的定義是登陸台灣或造成災情傷亡，與警報發布無關。從歷史紀錄來看，只有1-2個颱風侵台的年分有1970、72、76、88、89、93、2011年，1964年甚至沒有颱風侵台。至於資料庫顯示該年度有14個颱風發布警報，長期課表示，恐怕因為當時的能力有限，對警報發布標準較寬鬆。 ,2018-09-27 11:29,,今年台灣僅2個颱風發警報 恐為歷年最少,https://udn.com/news/story/7266/3389840
,生活,減弱為中颱，中央氣象局預報員程川芳今天表示，若依照目前預測路徑，海上颱風警報發布機率低；28、29日北部、東北部仍有大雨或豪雨。 根據中央氣象局觀測，今年第24號颱風潭美已經在今天凌晨減弱為中颱，目前距離台灣鵝鑾鼻東南東方約870公里，移動速度緩慢，預計明天才會逐漸加速朝西北轉北的方向前進，預測28、29日朝台灣到海面北上。程川芳說，依照目前預測路徑加上颱風減弱，發布海上颱風警報的機率低，但仍不能完全排除。不過，他表示，就算沒有發布海上颱風警報，28、29日是潭美颱風最接近台灣的時候，外圍環流仍會為北部和東北部帶來大雨或豪雨，東部則有短暫陣雨，而沿海各地也會有強陣風，提醒民眾還是要特別留意。中央大學大氣科學系兼任副教授吳德榮在「三立準氣象．老大洩天機」專欄中指出，今天太平洋高壓減弱，潭美颱風緩慢向北移動，明、後天太平洋高壓又略增強，將潭美颱風導向西北、並略加速。同時，29日將通過宮古島附近海面，逐漸接近西風帶，而轉向東北、加速往琉球、九州方向前進，距離台灣的遠近還需再觀察。吳德榮並補充說明，潭美颱風是秋天的颱風，也有東北風南下，故颱風環流的暖濕空氣與其交會，將形成滯留鋒在颱風的東北側，即所謂「秋颱效應」，但由於「潭美」從台灣東側北上，28日起形成的滯留鋒，將影響琉球至日本本州，台灣不受「秋颱效應」影響。,2018-09-26 12:44,,潭美颱風減弱北轉 氣象局：海警發布機率低,https://udn.com/news/story/7266/3387894
楊德宜,生活, 昨天增強為強烈颱風，天氣風險公司氣象主播賴忠瑋在臉書「氣象主播賴忠瑋」表示，潭美的結構紮實、颱風眼清晰可見，不過，過去幾天各國的路徑預報變化都很大，到目前為止也還無法確定潭美颱風是否會直接侵襲台灣。不過他說，目前資料顯示，較大的可能性是今天起，颱風將在台灣東南方約1000多公里的海面上滯留，到周四前可能都還不會有明確的導引氣流出現，預計到周五可能才會比較明確。而這段期間潭美颱風將停留在較溫暖的海面上，即使不繼續增強，也會起碼保持現在的強度。潭美之所以路徑這麼難定，他指出，最主要的原因就是導引氣流微弱。進入秋季後，主要容易影響颱風路徑的因素包含太平洋高壓和北方的鋒面系統。此時太平洋高壓明顯東退，無法直接導引潭美颱風未來的走向。鋒面系統的位置又較偏北在日韓到中國東北附近，也勾不到，使得潭美颱風未來動向有點不明。他說，目前包含中央氣象局在內，各國較一致的預報是太平洋高壓可能在周五稍微西伸，其西側的北風環流將導引潭美颱風略往北逐漸移往日本沖繩，使得北方的鋒面系統有機會勾住它，再將其轉往東北朝日本方向移動。如果是依照此路徑的話，潭美颱風將在周六最接近台灣，可能移到台灣東北方海面，而台灣的北部和東北部，也將可能在暴風圈的影響邊緣。值得留意的是，本周台灣將持續在北方冷高壓外圍及潭美颱風外圍環流的影響之下，而持續吹東北風，在迎風面的北部和東北部都將容易有短暫陣雨，甚至不排除將出現局部較大的雨勢，另外他說，也要留意溫度略降，白天較舒適，沒有像上周那麼炎熱了，不過入夜後可能會有點涼意。而背風側的中南部則較不受到影響，上午仍然晴朗炎熱，不過要注意容易有午後雷陣雨。沿海地區則要留意長浪，前往海邊活動，要特別注意安全。中央氣象局發布長浪訊息，今天北部、東半部（含綠島、蘭嶼）及恆春半島有長浪發生的機率。昨晚台東已觀測到浪高1.5米的長浪。氣象局說，明後兩天東北風持續影響，北部及東北部雨勢明顯、降雨時間長，並有局部大雨發生的機率，花蓮、台東偶爾也有短暫陣雨，至於中南部仍是午後局部雷陣雨的天氣型態；東北風加上降雨，北部及東北部天氣微涼到舒適，其他地方白天仍有悶熱感，不過早晚也會有淡淡的秋意。氣象局指出，周五至周日天氣的變化和強颱潭美的路徑有相當大程度的關聯，若周四後太平洋高壓增強幅度小，颱風將以偏北的方向通過琉球群島附近，對台灣的影響程度較小，反之，若太平洋高壓增強幅度大，就會以偏西的方向接近台灣，影響的程度也就較大；目前資料顯示其中心從臺灣到琉球這個區間通過的可能都有，未來路徑仍有相當程度調整的空間，接下來要持續關注氣象局對於潭美颱風的最新預報資訊，而受到這個颱風或其外圍環流影響，北部及東半部地區屬於有陣雨的天氣，其他地區也有短暫陣雨，並有局部大雨或豪雨發生的機率。10月1日颱風逐漸遠離，回到東北風影響的天氣型態，水氣減少，天氣轉趨穩定，但北部及東半部地區仍有局部短暫雨，其他地區為多雲到晴，午後有局部短暫雷陣雨。氣象局說，無論潭美颱風未來的移動方向如何，未來1周台灣北部、東半部沿海（含綠島、蘭嶼）及恆春半島都容易有長浪出現，前往海邊活動特別注意安全。10月2日至10月4日東北風持續影響，水氣仍少，天氣依然穩定，北部及東半部有局部短暫雨，中南部為多雲午後有局部短暫雷陣雨的天氣；秋季洋面上仍持續有熱帶系統發展的機率，並且北方天氣系統（鋒面、東北風）也會一波波南下影響台灣，使得秋天颱風的路徑變化大，多留意最新的預報資訊。 ,2018-09-25 07:16,,強颱潭美結構紮實 颱風眼清晰可見,https://udn.com/news/story/7266/3385380
雷光涵,生活,中央今晨2時的最新預報顯示，中度正以每小時17公里速度向北北西進行，近中心最大風速每秒43公尺。中央大學大氣科學系兼任副教授吳德榮在「三立準氣象·老大洩天機」專欄提醒，周六(6日)有南韓行程與下周(7)日往日本北部的民眾，都要注意康芮的影響。吳德榮指出，最新中央氣象局路徑潛勢預測圖顯示，今、明兩天受太平洋高壓導引，康芮向西北轉北北西，進入東海，逐漸受西風帶影響；轉向北北東、朝南韓濟州島，再轉東北加速前進。今、明兩天都還是中颱，侵襲韓國時減弱為輕颱，通過日本北部時則將轉變為溫帶氣旋。他說，最新(3日20時)歐洲中期預報中心(ECMWF)模式模擬顯示，未來10天西北太平洋皆無熱帶擾動發展的跡象，但今年的颱風季未必已結束，歷史資料顯示，西北太平洋1至12月皆可以有颱風生成，甚至11月、12月都曾有過颱風侵台的記錄，所以無法預測今年的狀況。吳德榮指出，今日至明晨，受康芮外圍環流影響、北部、東北部雨勢增大，尤其東北角及北台灣山區。北台灣天氣較涼。其他地區大都為多雲時晴、日夜溫差大的天氣。明白天起北台灣降雨漸緩，周六康芮遠離、天氣好轉、氣溫升，花東有局部雨。中央氣象局也說，明天上午前仍受康芮颱風外圍環流影響，北部及東半部有短暫風雨，下半天颱風逐漸離開，北部及東北部地區為短暫陣雨後多雲的天氣，雨勢趨緩，但東部及東南部地區仍有局部短暫陣雨，其他地區為多雲到晴；但若颱風路徑較目前偏西靠近台灣，影響程度將比較明顯，偏東則影響程度則較為減輕。此外，氣象局指醒，明天至下周一由於颱風影響，北部、東半部（含綠島、蘭嶼）、屏東沿海地區易有長浪發生；明、後天馬祖、金門及澎湖沿海亦有長浪發生的機率，請注意。 ,2018-10-04 07:21,,吳德榮：康芮周末襲韓日 今年颱風季未必已結束,https://udn.com/news/story/7266/3402444
,生活, 24日下午增強為強度颱風。「潭美颱風據各國預估，路徑就像炸彈開花般四射，難以確切估計其行平均路徑與動向。」氣象專家賈新興說。然而24日的颱風也有明顯改變，歐洲模式預估北轉的機會增多，接下來48至72小時是颱風動向的關鍵時期。表示，颱風若越早北轉，對台灣的影響越小。潭美颱風持續增強，預計今晚增強為強度颱風，最快週四（27日）強颱就會影響台灣。潭美颱風目前位於北緯18.4度，東經131.2度，以每小時15公里的速度，向西北西的方向前進，而近兩天有原地停留的趨勢。氣象局表示，目前還需台灣附近高氣壓的力度，此刻颱風的行徑位置不確定性高。若颱風持續向西轉，就有可能對台灣造成較大的影響。潭美颱風雖在增強中，但在各國官方路徑中顯示，潭美颱風現時有滯留的現象。美系、英系及歐系預報的變動度非常大，如同天女散花型的路徑分析，並無法看出平均路徑。賈新興在臉書上表示，颱風中心氣壓935百帕，近中心最大風速每秒48公尺，瞬間之最大陣風每秒58公尺，七級風半徑220公里，十級風半徑80公里。他說，72小時後的路徑不確定性大，潭美若是越早北轉，對台灣影響越小。「東半部海邊的民眾須注意長浪，民眾近期不要前往海邊。」賈新興說。潭美颱風難以確切估計其行經路徑與動向，主要是因爲駛流場的變化，以及多了北方槽線的干擾，24日的颱風各國預報有明顯改變，歐洲模式的成員預估北轉的情況增多，這接下來48~72小時是關鍵時期，應當要謹慎觀察。,2018-09-24 15:05,,潭美颱風將轉強 氣象局：北轉機會大,https://udn.com/news/story/7266/3384469
王思慧,生活, 今年第9號「尼莎」原本路徑不一，不過中央指出，因為北邊太平洋高壓變強，除了增加尼莎移動速度外，也將其路徑往南方壓，周末恐直撲穿過台灣，不排除明天上午發布海上颱風警報，下午發布陸上警報，可能登陸時會變成中颱，預計這是今年第一個襲台颱風，民眾一定要做好防颱準備。氣象局觀測資料顯示，尼莎上午8時增強，以每小時12公里速度，向北北西轉西北進行。近中心最大風速每秒23公尺，瞬間之最大陣風每秒30公尺，七級風半徑120公里，中心在鵝鑾鼻東南方880公里海面上。氣象預報員李孟軒表示，今天因太平洋高壓增強，氣象局修正路徑潛勢預報，未來尼莎行進方向改為西北，並朝台灣東南方海域移動，不排除太平洋高壓再增強，颱風路徑可能還會再往南修，且有增強的趨勢，登陸機率高，目前預測的地點是在台東附近登陸，預計明天清晨到上午將發布海上警報，明天下午到晚上發布陸上警報。李孟軒提及，之前颱風路徑預測偏北，是因為擔心會受諾盧颱風影響，但兩者距離太遠，約3000公里，因此沒有關聯。再加上北邊的太平洋高壓沒有減弱，尼莎颱風恐會成為穿心颱。預計尼莎周六白天登陸，屆時東半部雨量最明顯，而中南部地區等到颱風登陸後，從周六開始，到下周一雨量最多，北部則是陣雨為主。不過天氣變化大，氣象局強調，颱風多少都會有擺動現象，路徑還是會根據最新資料做更新，提醒民眾留意氣象資訊，並一定要做好防災工作。氣象局指出，今天起受第9號颱風影響，南部、恆春半島、東半部（含綠島、蘭嶼）沿海有長浪發生的機率，到海邊活動請注意安全。,2017-07-27 11:15,,尼莎颱風海陸警明天齊發 氣象局預測台東附近登陸,https://udn.com/news/story/7266/2607123
侯俐安,生活,今年第一號「帕布」生成，日本氣象廳今天下午發布，位於的熱帶性低氣壓，成為今年第1號颱風「帕布」。中央氣象局預報員陳建安表示，帕布颱風在今天下午2時為輕度颱風，接下來走向對台灣沒有直接影響，但帕布水氣會順著中層氣流到台灣上空並持續到周四，未來將往馬來半島前進，提醒要去泰國、的旅客要特別留意航班動態。 ,2019-01-01 15:29,,今年1號颱風「帕布」生成 周四前帶水氣,https://udn.com/news/story/7266/3568632
吳姿賢,生活,今年第2號「蝴蝶」最快今天生成。中央氣象局員張承傳表示，關島東南東方2000多公里有一熱帶性低氣壓，有發展為輕度颱風趨勢，目前往西偏西方向移動，預估離台灣1000至2000公里處時就會北轉，對台灣天氣影響機率不大。氣象專家之前表示，2月雖從未有颱風靠近台灣，但在西北太平洋還是有颱風生成的機率，平均每10年約2個。2014年西北太平洋還發生過「月月有颱風」的記錄。但不致影響台灣。 ,2019-02-19 10:09,,蝴蝶颱風最快今生成 氣象局：影響台灣機率低,https://udn.com/news/story/7266/3651753
,生活, 「透過浮標設置，可以獲得颱風及時資料，讓天氣預報更準確！」由海洋研究所副教授楊穎堅帶領的研究團隊，透過改良觀測浮標，從2015年開始持續監測颱風動向與強度變化，經過長期的分析、校正及建立模型。楊穎堅於25日發表會上表示，未來會持續設置浮標，預測颱風動態，對台灣的天氣預報、防災有更多幫助。颱風預報更準確楊穎堅表示，以往台灣只能透過衛星知道海洋表面溫度來判斷颱風性質，不過他們將美國的浮標改良，並裝設於於自行研發的觀測儀器後，投放到颱風最可能的路徑上，這些儀器可以測量以往測不到的200公尺深的海水溫度、鹽度、表面水流等，讓颱風預測更準確。他也提到，他們在2016年設置完儀器後，剛好就來了，團隊透過即時觀測資料發現，以往對颱風生成扮演很重要的海水溫度，因為尼伯特本身風速太強，反而導致上下層海水混合，使表面海溫降低，反過來限制颱風成長，也因此尼伯特並沒有像過往假設一樣會持續增強，是觀測上的突破。可應用在防災「透過及時數據觀測，可以讓氣象局判斷颱風是風還是雨比較大，克服以往沒有辦法知道颱風性質的問題」，楊穎堅說，但研究上會碰到許多挑戰，由於儀器有限，但颱風路徑多變，所以目前只能透過以往觀測資料，將儀器優先設在颱風熱點；儀器的材質是否耐強風、電池的續航力都是需要再更精進的地方。現場也同步邀請台大海研所所長詹森在花蓮觀測船同步連線。他表示，台灣長年受颱風侵擾，如果能在台灣周遭海域設置更多儀器，讓颱風的強度、性質與走向可以更準確預測，對於台灣的防災有很大的幫助。本研究於今年4月發表於知名國際期刊《自然通訊》,2019-04-25 17:20,,觀測浮標得數據 可準確預報颱風,https://udn.com/news/story/7238/3776932
程嘉文,生活, 今天通過三項勞動相關法律修正：包括重罰雇主不按時提撥退休金的「勞工退休金條例」，攸關勞工出勤安全的「職業安全衛生法」，與派遣人員權益有關的「勞動基準法」。預計三法的修正，可望在五一勞動節之前公布生效。民進黨立委劉建國指出，考慮到勞工在颱風天戶外工作的風險，應在「職業安全衛生法」中，要求雇主有提供勞工防護設備，或採取其他確保安全措施的必要責任。針對派遣雇用愈來愈普遍，為避免派遣單位積欠工資，勞動基準法修正條文明訂，經請求派遣單位給付仍未給付時，要派單位就有補充給付的責任，以此保障派遣勞工的經濟安全。同時，為避免派遣單位以要派契約期間作為與勞工訂定定期契約的理由，以規避勞工法令相關終止契約及給付資遣費的責任，三讀條文也明定，派遣單位與派遣勞工訂定的勞動契約，應為不定期契約。勞退條例修正案則將雇主積欠退休金、資遣費的罰鍰，增至30至150萬元，並限期給付，否則按次處罰。應公布違規的事業單位與負責人名稱，督促雇主提繳勞工退休金與繳納滯納金。外籍人士若取得永久居留許可，可申請可申請加入勞退新制。另外，為鼓勵自營作業者、實際從事勞動的雇主、受委任工作者等人自提退休金，將不計入所得稅課稅。,2019-04-26 16:34,,立院三讀了！颱風天出外勤 雇主須提供防護設備或安全措施,https://udn.com/news/story/6656/3778985
何定照,生活,繼聖帕颱風生成，昨天東方海面新出現一個熱帶性低氣壓。臉書粉絲專頁「觀氣象看天氣」表示，颱風季即將展開。菲律賓東方海面這個熱帶性低氣壓，是否進一步發展以及後續移動方向，將是下周天氣觀察的重點。觀氣象看天氣表示，南海目前也有個低壓帶，這個低壓帶於下周一起將慢慢北移，輸送而上的水氣增多。下周二起，中、南部的降雨機會將逐漸提高。而低壓帶內是否有低壓中心發展也值得注意。觀氣象看天氣説，低壓水氣影響前，今起至7月1日持續是十分炎熱，午後局部雨的典型夏季天氣。中央今早5時發布最新資料表示，熱帶性低氣壓1005百帕，在北緯13度，東經133度，即在菲律賓東方海面，向西北西移動，時速10公里。中央氣象局説，高氣壓1014百帕，在北緯26度，東經158度，即在日本南方海面，向東緩慢移動。中央氣象局説，今、明兩天西南風影響，台灣各地及金門、馬祖大多為多雲到晴，午後有短暫雷陣雨，山區並有局部大雨發生的機率，清晨至上午中南部地區、恆春半島及澎湖有局部短暫陣雨或雷雨。今、明兩天馬祖易有局部霧或低雲影響能見度；明日南部、東南部（含蘭嶼、綠島）及恆春半島沿海地區有長浪發生的機率，請注意。另外，黃海南部有局部霧，請注意。 ,2019-06-29 07:22,,颱風季將展開 下周天氣觀察重點是這些,https://udn.com/news/story/7266/3899206
雷光涵,生活, 中央昨天發布今年季的展望，預估會侵襲台灣的颱風為3到5個，不過氣象專家在「三立準氣象·老大洩天機」認為，氣象局因外界殷切需求，勉強預估侵台個數實已超過科技極限，大家參考參考就好。氣象局的資料顯示，熱低性低氣壓（TD08）29日2時中心位置在在菲律賓東方海面，吳德榮指出，各國（歐洲、美國、氣象局）模式模擬的導引氣流大都朝西北方向而來；強度的模擬結果則很分歧，不過，這本是模式模擬的弱項。對台具有威脅，應密切觀察。吳德榮提到，美國海洋大氣總署（NOAA）5月23日發布今年大西洋風暴（相當輕度颱風以上）總數為9至15個（歷年平均值12個），凸顯出季節預報有很大的不確定性，NOAA誠實反映科技的極限。至於中央氣象局昨發布的颱風預測，他說，同樣受限於氣象科技，但保留較小的不確定性，預測今年西北太平洋的颱風生成總數21至至25個（歷年平均值23個）。他說，颱風生成總數若單只預報一個數字是完全不符合科學的。至於侵襲個數有幾個？什麼時候會有第1個侵襲？美國海洋大氣總署」從不也絕不提供。中央氣象局勉強預估侵台個數為3至5個，大家參考參考就好。因為去年的實例，落差可不小。今天的天氣方面， 吳德榮表示，台灣今天在暖氣團內，各地晴朗炎熱，要注意防晒、防中暑。低層大氣水氣減少，西南風遇地形有輻合作用，上午在西南部有非常零星、少量的降雨；午後陸地上有強對流發展，帶來局部陣雨或雷雨的機率，應注意氣象局的特報。北部氣溫約在25至36度、中部24至35度、南部25至36度、東部24至35度。明天（30日）太平洋高壓仍偏弱，西南氣流輸送低層水氣增多，大氣不穩定；西南氣流遇地形輻合，易發展雲雨；午後對流活躍，影響範圍大；白天未降雨時，天氣很炎熱，仍要注意防曬、防中暑。下周一（1日）起台灣附近的天氣變化，與熱帶性低氣壓的發展及動向密切相關，需持續觀察。氣象局說，下周一（7月1日）臺灣南方的低壓帶形成並北抬，水氣增多，風場轉為東南風，東部及東南部地區有局部短暫陣雨，其他地區為多雲到晴，午後有局部短暫雷陣雨，並有局部大雨發生的機率。下周二至下周五北抬後的低壓帶逐漸往西北方向移行，台灣位於低壓帶北側，南方暖濕空氣將順著偏南至西南風進入臺灣，中南部及東南部地區有局部短暫陣雨或雷雨，局部有大雨發生機率，午後降雨會較為全面，其他地區仍是午後雷雨的天氣型態。,2019-06-29 07:56,,氣象局預估3-5個颱風侵台 吳德榮：實已超過科技極限,https://udn.com/news/story/7266/3899237
,生活, 上週起連續強降雨，北台灣、中部山區都傳出災情，滾滾山洪令人驚恐。這波鋒面起於立夏後的大氣環境，並無太大異常；唯因氣候變遷造成極端氣候變化幅度加劇，使得預測難度升高。尤其，隨之而來的颱風季節，挑戰勢必更大，中央到地方的因應能不能繃緊神經？梅雨成災的主要特徵，是猝不及防。前年五月底梅雨轟炸東北角造成蘇花路斷，封路七天；二○一三年肆虐高雄；二○○七年從新北林口一路淹到淡水河出海口，成災都極快速。這幾天的強降雨，桃園新屋、新竹新豐日都破五百毫米，阿里山時雨量竟然近百，是好幾倍「超大豪雨」規格。今春的氣候監測數據，是七十二年來最暖的春天，雨量則創近年新低。前兩個月，南部許多地方降雨竟掛零，三月才有零星降雨。這些數據顯示氣候的不規律擴大，對農作物的衝擊加劇，許多蔬果都有歉收之虞。對這波梅雨災情，宣稱，「這是中小尺度的對流天氣系統，往往要在發生前幾小時才預測得到」。這種說法不算推卸責任，但氣象局對追求精進預報的及時和準確，顯然少了一點企圖心。中小尺度氣象變化確難掌握，但若能善用科技工具，仍可有效突破預報難度。例如，民間氣象業者自行研發的「及時落雷監測」，有助於掌握瞬間氣象變化，若有效運用，可在短時間內讓民眾了解落雷與雷雨胞的關係，從而加強防範。中央氣象局官網最近增加了落雷資訊，可惜宣傳不足，少有人懂得使用。如何把及時測得的中小尺度資訊，在最短時間送到需要者的手上，是另一個瓶頸。日本三一一震災後，開發出透過智慧型手機傳遞資訊的資通技術，值得借鏡。其概念是，搶下地震垂直、水平波的時間差，及時透過手機傳遞資訊，可以爭取數秒鐘的應變時間，並指示最近的避難地點。相形之下，梅雨中小尺度資訊致災性比不上地震防災，政府應開發這套技術，讓及時資訊發揮最大作用。極端氣候變化加劇，往往是農業首當其衝。遺憾的是，政府除了農損救助，拿不出防災對策。今春高溫少雨，蔬果開花狀況普遍不佳，蜜蜂採不到蜜，果蔬授粉連帶受到影響，勢必影響收成。開年迄今，的農損救助從荔枝、高接梨、青梅、枇杷、桃李、茶葉……，幾乎想得到的蔬果都啟動救助。這波梅雨之後，陳吉仲又得勘災，強降雨主要是讓瓜類爆果，毀損嚴重。農委會防農損成效有限，對農損救濟工具卻努力精進，最近導入無人機勘災，希望早點確定農損狀況，把救助的錢發給。這次，每樣蔬果都高比率受災，顯示農業防災措施功能有限。儘管農委會一年半前宣稱完成「農業氣象系統」建置，提供的資訊出發點由對人轉為對作物，但這套系統迄今發揮的功能有限。一則因系統侷限於學術、公務，與農民耕作習慣並未連線，農民也不認為這樣的氣象資訊管用。第二，提供資訊的平台不實用，農民不會及時上網查資料。農委會發放農損救助金絕不手軟，反正是納稅人承擔；但如此浪擲納稅人的錢，合理嗎？尤其，農損很大一部分是搶種，去年蕉價一斤破百，農民搶種香蕉；收成時供過於求，蕉價必然慘跌，這也要啟動農損救助嗎？其他極端氣候產生的農損，賺錢歸農民，賠錢由納稅人承擔，也不合理。「農業災害保險」政策研議多年，卻始終牛步，主要是農業保險法立法始終停在蒐集資料階段。三年前終於開始試辦，但至今只有一家產險公司承接，且僅承保高接梨一項，成績難以見人。這次的梅雨成災，堪稱是為接踵而來的颱風季節預示演習。政府一味消極地利用救濟來因應災情，還不如聰明地採取前端預防性配套。,2019-05-21 23:52,,聯合報社論／梅雨四處成災，為颱風侵襲提前示警,https://udn.com/news/story/11321/3826789
何定照,生活,中央晚間8時發布生成訊息，表示原位於日本南方海面的熱帶性低氣壓，於晚間8時發展為第３號颱風（國際命名SEPAT，中文：聖帕），持續向東北移動，預計對台灣地區無直接影響。中央氣象局官網顯示，該颱風中心位置位於北緯 32.80 度、東經 134.70 度，以每小時63公里速度，向東北東進行。颱風中心氣壓 998 百帕，近中心最大風速每秒 18 公尺，瞬間之最大陣風每秒 25 公尺，七級風半徑 80 公里。但要去日本旅遊的民眾要注意，日本報導，受3號颱風影響，從西日本到東北恐有大雨。 ,2019-06-27 20:55,,日本南方聖帕颱風生成！持續向東北移動中,https://udn.com/news/story/7266/3896829
林文義,生活,昨天上萬民眾包圍要求撤回逃犯條例，今天凌晨後人潮散去，部長吳釗燮兩度在外交部官方推特上推文聲援香港民眾，外交部也呼籲香港民眾挺住，繼續為民主、自由、人權和法治奮鬥，「堅定呼籲香港人民一起反送中」；律師呂秋遠在臉書說明港入為何反送中，指政治人物的權力來源只來自於中南海，有權力的人不受被統治者約束，而是受「給權力的人」控制，這就是沒有民主的悲哀。沒有民主，什麼都沒有。呂秋遠臉書全文如下：為了反對修正送中條款，許多香港人正在與警方對峙當中，而警方則是宣稱已經陷入群眾「暴亂」狀態，只好動用武力鎮壓，現在使用的武器是催淚彈、橡膠子彈、布袋彈、水柱、胡椒噴霧等等。有些人可能會想，選舉投票不就好了，為什麼要圍攻立法會，引發政府鎮壓？孩子，因為香港人無法投票選特首，而且立法會裡有一半的議員也不是民選。就算有一百萬人上街頭抗議，想想這種人數，等於是七分之一的香港人都走向街頭。以人口比例來說，相當於三百萬台灣人在台北抗議。但是這樣的人數仍然無法阻止政府強行二讀送中條款，原因就是政治人物的權力來源，只來自於中南海，而不來自於民眾，這時候，民主能不能當飯吃？有權力的人，不受被統治者約束，而是受「給權力的人」控制，這就是沒有民主的悲哀。沒有民主，什麼都沒有。其實這麼多人上街，代表香港市民已經對民主覺醒了嗎？當然不是。而是送中條例的修改，讓原本不關心政治的香港人感到擔憂。原來自己真的是中國人，而不是香港特別行政區人，香港就是中國領土，不可分割的一部分，一國兩制不可能繼續維持，香港的司法體制，原本就應該要受中國管轄。而當香港人或其他國籍的人，只要有違反中國法律的疑慮，經過中國政府要求，都有可能被引渡到中國受審。香港人害怕嗎？當然。因為這不是「不做壞事不就沒事」，而是「是不是壞事要看你有沒有壞事」，對於中國政府本質了解，就會對於這樣的修法感到擔憂。那麼，外資難道就不擔心嗎？那是一樣的，送中條款修改後，肯定對於外資有所衝擊，因為體現了內地香港司法一體化，這也就是為何不關心政治的某些香港人會加入遊行，因為外資撤走，肯定會嚴重影響他們的利益。可是，只有這樣嗎？有個香港人傳了一封訊息給我，內容是這樣的：「昨天晚上我跟表姐聊過之後，我都開始不知道自己為什麼要跑出去。我表姐的大兒子出世時是「雙非高峰期」，被中國女人搶了產科床位、再搶配方奶粉，要動員全家人一起買配方奶粉。之後因爲住在鄰近中國的上水區，而搶不到幼稚園學位，要由姨母去「問」相熟朋友才找到上水鳳溪幼稚園的學位。之後被新移民搶公屋（租賃版國宅，不能買），和老公生了兩個小孩，排了9年也未獲分發公屋。然後大兒子要用非母語的「普通話」唸中文科，唸到中文科也快要不合格，無辦法去寫完整而語意通順的段落。然後說自己是教徒，滿載神的大愛今晚到立法院外唱聖詩的教友被無理搜身，我把FB直播傳給她看，她只回我一句：「我沒意見，不要再傳相關信息給我。」律師，我不會想在這裡生小孩，也不打算留在香港，但是當我們努力去力挽狂瀾時，她們還在躲進幻想的世界裡面，我們爭取民主和權益來幹什麼？」親愛的香港朋友，爭取民主與權益，是為了你的同胞。即便你沒有孩子，你還是熱愛香港這塊土地，還有跟你並肩作戰的朋友、家人。催淚彈、塑膠子彈，讓人很痛，我知道最痛的不是這個，而是你身旁有一群家人還在冷言冷語。只是天一定會亮，當越來越多人，對於自己的權益受損感到不平，這些人終將會匯集到你身邊，因為獨裁政府的本質，就是侵害非我族群。你不是權貴，你就是非我族群。而在獨裁政府下，非我族群的人，只會越來越多。至於那些只懂納稅不懂爭取自己權益的人，你還是要為他們努力，因為他們還是你的同胞。一個一個，會越來越多的。因為自由是天性，沒有人可以關得住青色的鳥。而當颱風已經肆虐香港了，你還相信台灣會沒事嗎?  ,2019-06-13 12:11,,沒有民主的悲哀！呂秋遠：颱風肆虐香港 台灣會沒事？,https://udn.com/news/story/6656/3869291
雷光涵,生活,氣象專家吳德榮在「三立準氣象·老大洩天機」專欄指出，最新模式模擬顯示6月下旬西北太平洋有生成的跡象，他還說，就算第3號颱風如模擬生成，今年颱風季的開始已經遠落後於平均值，因歷年6月颱平均數為1.8個。吳德榮表示，根據颱風的歷史資料分析，西北太平洋歷年1至6月颱風生成的平均數約4.7個，今年至目前只有2個；歷年6月颱風生成平均數約1.8個，今年遲至6月下旬才有模式模擬出颱風生成的跡象，至於位置、強度仍有很大的不確定性，需持續觀察。至於最近的天氣，他說今天（20）滯留鋒在北部海面，台灣因沉降作用各地天氣晴朗炎熱、氣溫偏高，要注意、防；僅山區午後有局部短暫陣雨機率。北部氣溫約25至37度、中部24至35度、南部25至37度、東部24至37度。明天將熱到最高點，吳德榮指出，（21日）滯留鋒依然在北部海面徘徊又逢「夏至」，有很多地方將再創今年新；中南部清晨有零星短暫雨，午後山區也有局部短暫陣雨或雷雨的機率。周六（22日）滯留鋒逐漸接近，天氣仍悶熱；西南風迎風面及午後對流的降雨機率，皆明顯提高。下一道鋒面預計周六夜晚或下周日（23）晨抵達北部，下周日影響最大，大氣不穩定度及降雨機率皆將大幅提高，有「中、小尺度對流系統」發展，伴隨劇烈天氣的條件，梅雨鋒帶來的不穩定的天氣將到下周一。中央氣象局說，今天天氣跟昨天類似，太平洋高壓勢力仍偏強，各地大致為穩定炎熱的天氣，但中午過後在各山區及東北部地區有局部雷陣雨的機率。而在西南風沉降及高壓壟罩下，白天氣溫偏高，各地高溫約33至36度，尤其在大台北地區、嘉義地區、南部近山區及花東縱谷有36度以上高溫的機率，此外，台東地區有焚風發生的機率，中午前後指數易達到過量或危險級。 ,2019-06-20 07:29,,吳德榮：明將熱到最高點 6月下旬有颱風生成跡象,https://udn.com/news/story/7266/3882102
董俞佳,生活,今年梅雨季即將結束，進入旺季，中央今天舉行2018年颱風展望記者會，氣象局預報中心主任呂國臣表示，根據氣象局預測，今年7到9月，西北太平洋颱風數正常略偏多，侵台颱風數量以正常的機率比較大，約三到五個。至於氣溫方面，以正常偏高溫的機率最大，則為正常。5、6月梅雨季將告一段落，呂國臣表示，今年太平洋高壓偏弱，台灣受鋒面影響，中部以北雨量偏多，其他地區雨量正常；溫度方面，5月氣溫略偏低，6月則偏暖，兩個月的平均氣溫接近正常。至於民眾關切的颱風預測，呂國臣表示，往年西北太平洋6至12月約有21至25個颱風生成，侵台颱風的正常範圍為三至五個，預估今年6至12月西北太平洋颱風生成數為正常至略偏多，侵台颱風的個數則以接近正常範圍三至五個的機率最大。今夏溫度預測方面，呂國臣表示，熱帶洋面目前呈現中太平洋聖嬰形態，且預期維持至夏季，雖強度比較弱，但仍有可能減弱太平洋高壓強度，可以稍微減緩台灣因暖化帶來的高溫趨勢。呂國臣表示，綜合研判，今年7至9月台灣氣溫以正常至偏高的機率較大，透過數值來看，偏暖訊號逐月降低，未來一季雨量則以接近正常的機率較大。氣象局表示，即將進入颱風季，大家要盡快做好防颱準備，夏季也要防範高溫以及雷擊。氣象局將在颱風警報期間，由原先六小時一次的定量降水預報，改成三小時一次，同時於每天上午6時40分、8時40分、11時40分、下午2時40分、5時40分、晚上8時40分及11時40分，定時舉行記者會並網路直播，說明最新颱風動態。 ,2019-06-28 11:10,,今夏侵台颱風數 氣象局預測：正常值3到5個,https://udn.com/news/story/7266/3897550
董俞佳,生活,中央大學大氣科學系兼任副教授吳德榮今天在「三立準氣象．老大洩天機」專欄表示，今年第四號木恩，由於處在大低壓環流內，又在海南島附近，結構很差，未來發展受到限制；偏西北西進行、漸行漸遠，對台灣無威脅。他表示，今天受木恩颱風外圍、大的低壓環流影響，南部有陣雨或雷雨，其他地區偶有局部陣雨或雷雨；西半部午後強對流發展，加大雨勢；有劇烈天氣(雷擊、強風、瞬間強降雨)發生的機率，要持續注意的特報。北部氣溫約在25至33度、中部24至32度、南部23至31度、東部24至33度。他說，明天起至下周二台灣附近大氣環境盛行西南風，挾帶南海輸送而來的低層水氣，天氣不穩定，午後對流旺盛；迎風面的西南部，因地形造成輻合作用，在其他時段也會帶來局部陣雨或雷雨；期間不排除「劇烈天氣」的發生，要注意氣象局的特報。明天起大氣持續偏暖，白天未降雨時天氣悶熱。 ,2019-07-03 07:21,,吳德榮：木恩颱風對台灣無威脅 今天慎防劇烈天氣,https://udn.com/news/story/7266/3906435
雷光涵,生活,當大家在討論6月颱的可能性，中央副局長鄭明典在臉書發文說，未來還是需要關心鋒面，因為台灣北端有一條對流活躍的梅雨鋒面。鄭明典說，經驗上「出梅」的天氣特徵是：高層（200mb）南亞反氣旋中心北抬，脊場軸線移動台灣北方，台北探空高層出現東風。但是到昨天為止，台北探空高層仍以偏西風為主，所以天氣型態上，尚未出梅。未來幾天還是需要關心梅雨鋒面，談颱風還太早。中央氣象局說，今天（22日）白天還是在西南風環境下，各地大多以多雲到晴的天氣為主，不過由於水氣開始增多，清晨至上午中南部沿海偶有零星短暫陣雨，北部地區會有局部短暫陣雨，午後山區雷陣雨的範圍也會比昨天廣。溫度方面，白天氣溫仍偏高，各地高溫約33至36度，尤其高屏近山區及花東縱谷有機會出現36度以上高溫，台東地區有焚風發生的機率。氣象局提醒，中午前後紫外線指數會到過量至危險級，外出請注意防曬並多補充水分以避免中暑；隨著鋒面接近，晚上開始、尤其深夜過後，西半部將開始出現較為全面性的降雨。 ,2019-06-22 08:29,,6月颱風生成否？ 鄭明典：先關心梅雨鋒面吧,https://udn.com/news/story/7266/3886344
董俞佳,生活,中央大學大氣科學系兼任副教授吳德榮今天在「三立準氣象．老大洩天機」專欄表示，今天鋒面已北移至華中，台灣附近低層水氣仍多，大氣不穩定。北台灣雲量少、可見陽光；未下雨前，天氣悶熱。他說，清晨海峽南部對流發展，移入陸地；午後陸地上熱對流發展；皆有局部陣雨或雷雨的機率，注意的特報。北部氣溫約在23至33度、中部24至33度、南部25至34度、東部24至33度。他表示，明天、周五低層大氣水氣略減，午後仍有強對流發展，帶來有局部陣雨或雷雨，西南風遇地形有輻合作用，清晨在沿海對流發展，影響有延續至上午的機率；未下雨前，天氣悶熱。周六、周日太平洋高壓仍偏弱，西南氣流輸送低層水氣，大氣持續不穩定；西南氣流遇地形輻合，易發展雲雨；午後對流活躍，影響範圍大；白天未降雨時，天氣很悶熱。下周一、二漸轉偏南至東南風，天氣炎熱，大氣仍不穩定，午後對流旺盛，有局部陣雨或雷雨，南部、東南部迎風面亦有局部陣雨。他說，今年的季自5月1日起，前四道鋒面皆為移動性，第五、六道則為滯留鋒，都帶來不少降水；另外午後對流，也有一些貢獻。吳德榮說，今起至6月底，不但還在氣象局定義的梅雨季之中，太平洋高壓偏弱、低層西南氣流帶來水氣，大氣很不穩定，仍有劇烈天氣發生的機率，要注意防範；可別因滯留鋒不再影響，而掉以輕心。這也是氣象局將梅雨季定義為從5月初至6月底的主要緣故，因為並非只有滯留鋒會帶來劇烈天氣及災害，還有其他天氣系統也會。他說，氣象局今晨2時發布的熱帶性低氣壓消息顯示，其已向北迴轉，無侵台機率；是否能發展成第三號颱風？機率也偏低。無論它是否能成颱，今年颱風季提前爆發已不可能，因至6月底氣候平均值為4.7個，而今年至今只有2個。 ,2019-06-26 07:20,,吳德榮：今年颱風季提前爆發已不可能,https://udn.com/news/story/7266/3893001
楊德宜,生活,天氣風險管理公司總經理在臉書「氣象達人彭啟明」表示，昨天傍晚日本氣象廳把在日本南方海面的熱帶性低氣壓升格為今年第三號聖帕，還記得三天前這擾動還在台灣東南邊，目前中心位置已經到東京灣的南邊，持續快速的往東移動，對日本無直接影響，不過這也讓大家上了一課，颱風的生成與否，還是取決於日本氣象廳的認定，雖然有一定的標準，但颱風影響所在國附近較詳細的觀測數據及對其影響的評估才是關鍵。今天台灣的天氣仍舊和昨天類似，南部還是有西南風和海陸風交會發展的對流降雨，不過相對之下稍微緩和一點，其他各地也都是晴朗炎熱，午後有對流性雷陣雨發展，這樣的天氣型態在午後的降雨有時非常劇烈，他說，務必要減少在戶外滯留的機會，尤其雷陣雨發展，聽到雷聲請入室內。他說，大致上未來一兩周可能都維持類似的天氣型態，差別是在太平洋高壓逐漸西伸過來，強度以及午後雷陣雨的大小，預期當高壓逐漸盤據台灣天氣時，溫度會持續創新高，每天高溫34-36度間將成為常態，未來一兩周恐怕是相當讓人不舒適的夏季典型天氣，要多留意熱浪的問題，尤其戶外活動，要做好該有準備，才能避免熱傷害。而未來的颱風趨勢上，他說，今年還是維持趨近有30個颱風生成機會，可能有2-4個颱風會侵襲台灣，較密集發展期可能落在7月中下旬，也就是我們即將要邁入颱風生成的旺季。 ,2019-06-28 07:25,,彭啟明：今年恐有2至4颱風侵台 較密集發展期可能7月,https://udn.com/news/story/7266/3897290
侯俐安,生活, 今年第四號「木恩」在今天晚間八時生成，員陳伊秀表示，木恩今天下午二時位在恆春西南西方932公里，以每小時17小時速度往西北西進行，今天晚間8時已確定生成颱風，未來會持續往西北往海南島移動，若碰到陸地就會再減弱。氣象局表示，由於木恩位在季風槽中，整片水氣已有影響台灣，預計持續影響到明天，太平洋高壓逐漸增強，真正穩定要等到周四下半天，後天就會趨緩。,2019-07-02 21:51,,今年第四號颱風木恩生成 預計持續影響到周三,https://udn.com/news/story/7266/3906017
楊凱竣,生活,季即將來臨，也針對今年氣候狀況進行分析，預測今年7到9月西北太平洋颱風數正常略偏多，侵台颱風數量和往年相比，將會是落在正常值大約三到五個，不過氣象局中心主任呂國臣也說，今年是屬於比較弱聖嬰的這種情況，我們也發現到其實，弱聖嬰海水溫度還是比較偏暖的，如果說在海面上形成颱風的話，我們估計距離台灣可能也有一段距離，所以它的強度會比較接近聖嬰的這種情況，「所以在這種情形之下，侵襲台灣的颱風強度也有可能是會比較強的。」 ,2019-06-28 16:20,,影／今年侵台颱風氣象局估約3-5個 但颱風強度恐較強,https://udn.com/news/story/7266/3898250
董俞佳,生活,昨天全台都有不小雨勢，中央氣象局表示，受到低壓帶以及輕度木恩影響，今起到下周三全台都有降雨機率，今明兩天除了南部、東南部之外，北部午後也有發生機率，要特別留意。氣象局預報員林定宜表示，今明兩天受低壓帶影響，天氣仍不穩定，水氣也比較多，主要下雨地區是南部、東南部，中部、北部則要留意午後局部短暫雷陣雨，北部午後會有局部豪雨發生機率。昨天北部午後降下豪雨，雨勢相當驚人，林定宜說，昨天主要是受比較濕暖的西南風、偏南風帶進較多水氣，且因沒有什麼沉降作用抑制，再加上低壓帶的水氣多，配合午後熱力作用，使得對流發展非常旺盛與快速，因此降下豪雨。他說，今天北部午後也要留意雨勢。昨天晚上8時第4號颱風木恩形成，林定宜說，現在颱風正往海南島、東京灣的方向前進，不會直接影響台灣。不過，林定宜表示，受颱風間接輸送水氣，會讓周五以後原本就有的西南風增強，中南部要注意局部陣雨或雷雨，其他地區留意午後局部短暫雷陣雨，預計不穩定的天氣至少持續到下周三。其他天氣方面，林定宜說，今明兩天基隆北海岸、東半部、綠島、蘭嶼、南部、恆春半島，沿海地區有長浪，要特別留意。 ,2019-07-03 08:59,,低壓帶、颱風影響 今起到下周三雨勢不小,https://udn.com/news/story/7266/3906494
